Date,Ambulance Trust,Count of Handovers Over 15 Minutes,Handover Compliance,% of Handovers Over 15 Minutes,Count of Handovers Over 30 Minutes,% of Handovers Over 30 Minutes,Count of Handovers Over 60 Minutes,% of Handovers Over 60 Minutes,Count of Handovers Over 90 Minutes,% of Handovers Over 90 Minutes,Hours lost for Handovers over 15 minutes,Hours lost for Handovers over 30 minutes,Hours lost for Handovers over 60 minutes,Longest Handover (mm.m),Mean Handover Time (mm.m),90th Centile Handover Time (mm.m),Total Handover Time (hh.h),Average Time Lost for Handovers over 15 minutes per Handover (hh.h)
30-Sep-22,EEAST,606,72.75%,80.48%,384,51.00%,237,31.47%,174,23.11%,736.63,616.87,466.32,583.17,72.93,173.67,915.23,0.98
29-Sep-22,EEAST,657,72.15%,85.10%,416,53.89%,256,33.16%,194,25.13%,761.52,631.96,471.68,616.55,73.67,173.12,947.87,0.99
28-Sep-22,EEAST,681,72.93%,84.81%,424,52.80%,263,32.75%,200,24.91%,781.47,646.74,487.11,586.1,72.76,180.07,973.76,0.97
27-Sep-22,EEAST,666,72.14%,83.77%,423,53.21%,262,32.96%,191,24.03%,743.44,610.1,447.84,714.5,70.48,173.84,933.84,0.94
26-Sep-22,EEAST,633,71.89%,83.62%,410,54.16%,248,32.76%,188,24.83%,769.5,644.85,487.55,647.35,75.39,188.76,951.22,1.02
25-Sep-22,EEAST,665,77.19%,78.61%,320,37.83%,185,21.87%,131,15.48%,566.53,451.69,337.57,538.58,54.43,124.62,767.49,0.67
24-Sep-22,EEAST,728,81.28%,79.48%,389,42.47%,210,22.93%,141,15.39%,552.22,418.09,278.01,555.58,50.45,109.65,770.26,0.6
23-Sep-22,EEAST,673,75.34%,81.58%,384,46.55%,226,27.39%,159,19.27%,647.79,521.88,377.47,615.42,61.49,154.05,845.51,0.79
22-Sep-22,EEAST,647,76.19%,82.53%,400,51.02%,242,30.87%,166,21.17%,703.43,577.99,429.14,716.88,68.11,165.28,889.96,0.9
21-Sep-22,EEAST,671,74.08%,81.23%,413,50.00%,257,31.11%,190,23.00%,738.21,606.12,446.4,667.8,67.94,155.56,935.31,0.89
20-Sep-22,EEAST,755,77.05%,78.08%,397,41.05%,233,24.10%,170,17.58%,675.81,542.08,391.61,511.93,56.07,136.43,903.6,0.7
19-Sep-22,EEAST,780,87.60%,74.57%,282,26.96%,139,13.29%,92,8.80%,408.1,290.07,196.22,475.22,37.57,74.47,655.03,0.39
18-Sep-22,EEAST,728,85.29%,76.55%,267,28.08%,107,11.25%,68,7.15%,341.5,227.03,147.13,523.8,35.65,72.82,565.13,0.36
17-Sep-22,EEAST,797,83.14%,77.68%,382,37.23%,191,18.62%,133,12.96%,513.6,374.87,243.89,405.13,44.21,94.7,756.05,0.5
16-Sep-22,EEAST,758,83.91%,78.14%,371,38.25%,156,16.08%,88,9.07%,398.2,264.78,146.71,381.73,38.81,82.44,627.38,0.41
15-Sep-22,EEAST,703,79.44%,77.42%,373,41.08%,183,20.15%,132,14.54%,502.61,376.27,244.2,508.63,47.32,106.56,716.05,0.55
14-Sep-22,EEAST,746,81.05%,77.87%,419,43.74%,237,24.74%,158,16.49%,612.63,471.65,316.21,419.53,52.54,118.07,838.96,0.64
13-Sep-22,EEAST,699,78.77%,80.53%,439,50.58%,242,27.88%,175,20.16%,684.44,544.69,383.38,592.02,61.52,139.35,890.04,0.79
12-Sep-22,EEAST,714,76.87%,78.12%,426,46.61%,261,28.56%,188,20.57%,700.48,564.39,401.56,567.77,60.16,142.41,916.43,0.77
11-Sep-22,EEAST,738,83.99%,78.59%,366,38.98%,171,18.21%,114,12.14%,484.25,353.55,234.67,346.75,45.25,99.25,708.1,0.52
10-Sep-22,EEAST,743,83.17%,78.71%,393,41.63%,224,23.73%,156,16.53%,576.59,443.45,298.72,425.2,51,110.07,802.34,0.61
09-Sep-22,EEAST,766,83.16%,79.13%,387,39.98%,191,19.73%,126,13.02%,540.89,405.85,270.12,387.98,47.73,106.92,769.98,0.56
08-Sep-22,EEAST,775,83.92%,77.35%,365,36.43%,166,16.57%,124,12.38%,519.16,386.01,266.55,509.62,45.27,102.49,756.01,0.52
07-Sep-22,EEAST,763,81.41%,80.66%,425,44.93%,242,25.58%,171,18.08%,647.9,504.51,349.22,553.4,55.44,118.48,874.18,0.68
06-Sep-22,EEAST,678,75.88%,82.58%,408,49.70%,231,28.14%,164,19.98%,636.89,504.71,357.69,413.4,60.97,130.98,834.33,0.78
05-Sep-22,EEAST,691,77.51%,79.24%,378,43.35%,220,25.23%,150,17.20%,654.98,528.33,387.98,537.6,59.22,138.49,860.62,0.75
04-Sep-22,EEAST,707,86.42%,73.11%,337,34.85%,167,17.27%,104,10.75%,417.35,296.82,186.45,421.22,39.89,89.13,642.82,0.43
03-Sep-22,EEAST,733,85.13%,78.06%,353,37.59%,157,16.72%,88,9.37%,401.36,274.86,155.66,437.88,39.87,81.97,623.98,0.43
02-Sep-22,EEAST,727,80.36%,77.92%,355,38.05%,196,21.01%,132,14.15%,563.74,437.05,308.8,597.53,50.42,126.42,783.98,0.6
01-Sep-22,EEAST,745,84.16%,75.79%,373,37.95%,188,19.13%,127,12.92%,507.55,373.41,244.38,556.15,45.06,104.01,738.19,0.52
31-Aug-22,EEAST,733,79.36%,80.46%,386,42.37%,200,21.95%,139,15.26%,552.99,416,283.21,480.63,50.64,116.29,768.95,0.61
30-Aug-22,EEAST,743,82.07%,76.21%,381,39.08%,183,18.77%,125,12.82%,539.17,406.9,279.59,602.25,47.28,102.98,768.38,0.55
29-Aug-22,EEAST,740,81.95%,75.13%,358,36.35%,180,18.27%,116,11.78%,513.28,382.85,255.62,557.87,45.45,98.3,746.18,0.52
28-Aug-22,EEAST,754,85.18%,75.86%,298,29.98%,127,12.78%,82,8.25%,412.35,291.88,195.27,522.22,39.02,82.46,646.36,0.41
27-Aug-22,EEAST,760,89.63%,76.46%,319,32.09%,129,12.98%,77,7.75%,364.05,237.95,139.87,437.77,36.15,71.47,598.81,0.37
26-Aug-22,EEAST,777,83.63%,78.80%,327,33.16%,132,13.39%,77,7.81%,395.23,266.99,167.95,395.22,38.34,80.79,630.11,0.4
25-Aug-22,EEAST,729,84.21%,76.82%,319,33.61%,134,14.12%,73,7.69%,388.35,266.74,165.69,467.82,38.68,81.27,611.76,0.41
24-Aug-22,EEAST,765,81.44%,78.54%,363,37.27%,184,18.89%,105,10.78%,426.5,292.45,165.49,446.75,40.5,84.71,657.39,0.44
23-Aug-22,EEAST,720,83.02%,82.29%,431,49.26%,227,25.94%,142,16.23%,574.95,436.33,281.38,625.05,53.83,122.41,785.06,0.66
22-Aug-22,EEAST,755,79.55%,79.22%,400,41.97%,201,21.09%,146,15.32%,609.92,475.02,335,680.17,52.65,122.85,836.19,0.64
21-Aug-22,EEAST,721,82.53%,76.30%,323,34.18%,163,17.25%,121,12.80%,471.4,347.69,241.91,453.78,44.1,92.67,694.6,0.5
20-Aug-22,EEAST,726,85.71%,79.61%,338,37.06%,141,15.46%,90,9.87%,414.65,288.71,182.5,399.8,41.57,82.52,631.93,0.45
19-Aug-22,EEAST,698,80.27%,77.30%,322,35.66%,149,16.50%,99,10.96%,459.34,341.83,236.52,513.03,44.75,103.18,673.51,0.51
18-Aug-22,EEAST,755,81.54%,81.01%,374,40.13%,184,19.74%,120,12.88%,512.24,377.03,250.18,519.73,47.35,109.37,735.57,0.55
17-Aug-22,EEAST,688,75.59%,86.11%,384,48.06%,229,28.66%,173,21.65%,655.59,527.83,384.87,406.5,63.79,148.41,849.47,0.82
16-Aug-22,EEAST,593,69.45%,85.82%,357,51.66%,219,31.69%,169,24.46%,655.31,540.51,405.3,595.38,71.38,179.41,822.1,0.95
15-Aug-22,EEAST,673,70.31%,83.09%,414,51.11%,272,33.58%,191,23.58%,722.93,590.61,424.24,600.98,67.88,170.48,916.34,0.89
14-Aug-22,EEAST,721,81.27%,78.37%,341,37.07%,177,19.24%,128,13.91%,505.27,383.73,262.71,600.15,47.13,106.79,722.61,0.55
13-Aug-22,EEAST,704,81.04%,78.05%,384,42.57%,173,19.18%,111,12.31%,478.35,348.46,224.45,698.28,46.02,98.95,691.83,0.53
12-Aug-22,EEAST,755,80.38%,80.49%,359,38.27%,179,19.08%,128,13.65%,540.81,411.1,287.2,495.68,48.9,103.59,764.52,0.58
11-Aug-22,EEAST,748,81.30%,77.84%,361,37.57%,176,18.31%,112,11.65%,465.12,335.54,215.26,696.35,43.26,92.96,692.93,0.48
10-Aug-22,EEAST,812,84.08%,80.48%,403,39.94%,205,20.32%,141,13.97%,557.46,413,276.86,469.33,47.5,104.72,798.8,0.55
09-Aug-22,EEAST,686,80.82%,76.05%,358,39.69%,184,20.40%,126,13.97%,518.45,394.41,266.57,421.6,48.59,108.13,730.44,0.57
08-Aug-22,EEAST,731,81.71%,79.46%,355,38.59%,183,19.89%,123,13.37%,498.09,368.77,243.98,592.72,46.7,99.44,716.06,0.54
07-Aug-22,EEAST,804,87.46%,80.08%,374,37.25%,161,16.04%,95,9.46%,390.17,250.88,133.48,398.6,37.58,75.2,628.88,0.39
06-Aug-22,EEAST,808,85.08%,83.82%,404,41.91%,217,22.51%,140,14.52%,523.33,380.33,239.04,331.5,47.01,107.71,755.34,0.54
05-Aug-22,EEAST,809,82.98%,81.72%,427,43.13%,179,18.08%,119,12.02%,515.9,371.23,232.94,347.52,45.55,108.3,751.55,0.52
04-Aug-22,EEAST,718,79.93%,83.10%,414,47.92%,226,26.16%,155,17.94%,589.86,455.26,304.58,390.15,55.36,115.56,797.12,0.68
03-Aug-22,EEAST,704,74.87%,83.22%,403,47.64%,243,28.72%,159,18.79%,650.23,519.16,365.37,495.8,60.5,136.53,853.09,0.77
02-Aug-22,EEAST,625,73.82%,81.81%,362,47.38%,205,26.83%,157,20.55%,673.62,556.63,424.12,698.73,67.27,161.47,856.62,0.88
01-Aug-22,EEAST,696,74.93%,82.86%,417,49.64%,251,29.88%,183,21.79%,733.42,601.08,443.31,658.23,66.76,148.15,934.6,0.87
31-Jul-22,EEAST,733,79.06%,80.55%,392,43.08%,192,21.10%,125,13.74%,516.06,382.04,247.36,503.48,48.26,104.27,731.98,0.57
30-Jul-22,EEAST,771,82.05%,81.07%,359,37.75%,165,17.35%,104,10.94%,454.16,318.48,199.85,471.6,42.96,84.35,680.91,0.48
29-Jul-22,EEAST,749,81.95%,78.18%,388,40.50%,185,19.31%,117,12.21%,536.27,402.72,270.7,534.77,47.68,108.15,761.36,0.56
28-Jul-22,EEAST,733,77.97%,80.91%,379,41.83%,232,25.61%,160,17.66%,595.89,463.95,317.32,412.02,53.75,122.98,811.63,0.66
27-Jul-22,EEAST,732,77.70%,83.37%,407,46.36%,218,24.83%,147,16.74%,579.31,442.84,298.33,535.45,53.96,114.96,789.68,0.66
26-Jul-22,EEAST,672,76.78%,82.96%,386,47.65%,221,27.28%,141,17.41%,593.64,466.65,322.48,472.42,58.27,146.64,786.63,0.73
25-Jul-22,EEAST,653,69.18%,86.84%,416,55.32%,239,31.78%,188,25.00%,709.98,578.35,422.3,556.57,71.05,166.47,890.45,0.94
24-Jul-22,EEAST,658,76.24%,84.04%,370,47.25%,203,25.93%,150,19.16%,616.11,492.5,360.84,644.1,61.5,149.07,802.58,0.79
23-Jul-22,EEAST,684,77.51%,84.44%,397,49.01%,235,29.01%,177,21.85%,687.63,558.6,408.97,547.37,65.35,151.74,882.28,0.85
22-Jul-22,EEAST,687,74.42%,86.20%,410,51.44%,253,31.74%,199,24.97%,748.16,617.63,458.33,591.18,70.76,170.58,939.93,0.94
21-Jul-22,EEAST,615,71.98%,84.02%,416,56.83%,264,36.07%,202,27.60%,728.88,601.22,438.84,462.53,74.21,174.31,905.32,1
20-Jul-22,EEAST,713,73.27%,84.18%,457,53.96%,259,30.58%,194,22.90%,718.15,575.89,409.52,438.53,65.34,167.2,922.36,0.85
19-Jul-22,EEAST,735,76.08%,81.94%,402,44.82%,220,24.53%,168,18.73%,597.35,460.78,314.99,422.03,54.34,121.38,812.45,0.67
18-Jul-22,EEAST,769,78.72%,79.36%,411,42.41%,217,22.39%,159,16.41%,626.07,485.71,340.16,393.77,52.95,124.56,855.17,0.65
17-Jul-22,EEAST,784,82.66%,81.41%,425,44.13%,221,22.95%,159,16.51%,565.39,422.3,274.42,512.95,49.51,112.79,794.67,0.59
16-Jul-22,EEAST,778,82.03%,83.12%,434,46.37%,229,24.47%,134,14.32%,503.84,357.7,202.34,376.32,46.68,104.09,728.27,0.54
15-Jul-22,EEAST,760,80.25%,85.78%,439,49.55%,254,28.67%,175,19.75%,642.17,499.22,335.59,440.97,57.97,125.37,856.05,0.72
14-Jul-22,EEAST,738,79.06%,82.46%,436,48.72%,232,25.92%,157,17.54%,643.18,499.93,343.36,514.37,57.6,134.87,859.15,0.72
13-Jul-22,EEAST,636,75.23%,84.80%,402,53.60%,249,33.20%,178,23.73%,668.51,541.65,386.49,442,67.89,174.47,848.57,0.89
12-Jul-22,EEAST,652,74.12%,86.24%,410,54.23%,261,34.52%,186,24.60%,748.71,617.75,457.48,577.4,73.97,195.34,932.06,0.99
11-Jul-22,EEAST,679,73.60%,84.56%,405,50.44%,267,33.25%,207,25.78%,751.21,621.32,461.61,506.12,70.5,180.7,943.47,0.94
10-Jul-22,EEAST,752,83.55%,79.58%,370,39.15%,185,19.58%,113,11.96%,463.76,329.85,201.95,482.62,43.71,101.4,688.5,0.49
09-Jul-22,EEAST,765,83.08%,81.99%,378,40.51%,187,20.04%,135,14.47%,516.45,381.5,253.91,493.88,47.57,109.28,739.67,0.55
08-Jul-22,EEAST,773,77.48%,82.32%,444,47.28%,269,28.65%,182,19.38%,605.5,460.15,291.49,391.08,52.95,119.88,828.68,0.64
07-Jul-22,EEAST,747,79.63%,82.36%,402,44.32%,231,25.47%,157,17.31%,566.9,425.65,276.88,495.78,51.9,125.92,784.56,0.63
06-Jul-22,EEAST,698,75.92%,80.79%,373,43.17%,196,22.69%,136,15.74%,535.04,405.85,272.8,455.07,51.41,115.36,740.29,0.62
05-Jul-22,EEAST,698,79.62%,80.14%,388,44.55%,243,27.90%,177,20.32%,674.59,545.96,393.74,492.17,60.77,139.61,882.11,0.77
04-Jul-22,EEAST,703,79.59%,79.08%,352,39.60%,212,23.85%,165,18.56%,646.7,522.42,390.17,468.72,57.93,122.55,858.4,0.73
03-Jul-22,EEAST,762,84.58%,79.38%,298,31.04%,142,14.79%,88,9.17%,449.82,325.62,225.64,485.45,42.37,101.29,677.93,0.47
02-Jul-22,EEAST,725,84.10%,75.29%,312,32.40%,130,13.50%,82,8.52%,371.66,250.81,152.29,360.93,37.29,78.38,598.48,0.39
01-Jul-22,EEAST,773,84.46%,78.16%,335,33.87%,145,14.66%,91,9.20%,393.78,262,153.06,423.95,38.16,83.69,628.94,0.4
30-Jun-22,EEAST,769,80.22%,81.72%,398,42.30%,189,20.09%,130,13.82%,569.87,430.33,294.78,581.87,50.72,118.71,795.41,0.61
29-Jun-22,EEAST,834,81.16%,81.68%,415,40.65%,191,18.71%,128,12.54%,550.18,402.41,267.41,522.07,46.62,104.25,793.28,0.54
28-Jun-22,EEAST,672,78.29%,77.96%,362,42.00%,180,20.88%,127,14.73%,455.16,330.12,204.16,311.03,45.94,104.63,659.94,0.53
27-Jun-22,EEAST,735,76.50%,83.33%,430,48.75%,242,27.44%,182,20.63%,668.93,527.31,371.37,578.73,59.93,137.48,880.95,0.76
26-Jun-22,EEAST,750,81.94%,79.45%,343,36.33%,154,16.31%,107,11.33%,482.13,351.54,237.74,554.68,44.91,109.02,706.62,0.51
25-Jun-22,EEAST,724,81.95%,78.19%,352,38.01%,179,19.33%,110,11.88%,462.57,335.23,212.06,376.8,44.16,102.8,681.61,0.5
24-Jun-22,EEAST,804,84.99%,79.76%,340,33.73%,149,14.78%,102,10.12%,427.41,295.25,183.8,369.38,39.73,84.36,667.39,0.42
23-Jun-22,EEAST,811,83.73%,76.51%,421,39.72%,172,16.23%,114,10.75%,455.83,307.59,174.89,298.9,39.94,87.02,705.62,0.43
22-Jun-22,EEAST,796,83.32%,78.50%,370,36.49%,135,13.31%,76,7.50%,382.57,242.44,128.73,550.87,36.84,75.26,622.67,0.38
21-Jun-22,EEAST,747,80.10%,81.37%,393,42.81%,162,17.65%,102,11.11%,479.92,343.46,216.15,392.37,45.69,102.88,699.04,0.52
20-Jun-22,EEAST,706,74.19%,81.34%,422,48.62%,236,27.19%,169,19.47%,628.61,492.5,340.32,518.27,57.71,142.56,834.91,0.72
19-Jun-22,EEAST,786,84.37%,80.45%,389,39.82%,187,19.14%,131,13.41%,483.55,342.43,210.65,340.3,44.03,105.19,717,0.49
18-Jun-22,EEAST,712,81.13%,80.00%,332,37.30%,187,21.01%,126,14.16%,495.86,373.15,252.85,394.4,47.73,103.25,707.97,0.56
17-Jun-22,EEAST,750,81.01%,76.77%,346,35.41%,152,15.56%,106,10.85%,422.64,292.69,183.98,343.95,40.11,89.61,653.12,0.43
16-Jun-22,EEAST,829,83.08%,81.19%,410,40.16%,183,17.92%,109,10.68%,463.59,313.89,179.34,359.57,41.6,89.96,707.93,0.45
15-Jun-22,EEAST,773,79.62%,79.77%,423,43.65%,192,19.81%,102,10.53%,444.64,302.92,159.39,327.72,41.82,90.41,675.46,0.46
14-Jun-22,EEAST,793,82.07%,80.59%,413,41.97%,195,19.82%,107,10.87%,494.59,351.74,209.33,395.9,44.49,101.65,729.7,0.5
13-Jun-22,EEAST,769,78.66%,78.15%,393,39.94%,226,22.97%,158,16.06%,587.37,449.14,302.48,560.38,49.94,113.33,819.07,0.6
12-Jun-22,EEAST,770,81.64%,78.01%,330,33.43%,147,14.89%,101,10.23%,416.76,289.94,181.5,344.08,39.61,84.79,651.61,0.42
11-Jun-22,EEAST,714,81.20%,74.45%,312,32.53%,136,14.18%,78,8.13%,332.66,210.82,107.61,260.9,34.92,76.24,558.16,0.35
10-Jun-22,EEAST,869,85.76%,78.43%,410,37.00%,176,15.88%,105,9.48%,455.33,306.37,172.17,399.35,38.91,81.01,718.45,0.41
09-Jun-22,EEAST,755,80.65%,80.49%,383,40.83%,208,22.17%,141,15.03%,538.68,403.64,265.3,558.73,48.68,119.7,760.95,0.57
08-Jun-22,EEAST,745,78.06%,83.43%,402,45.02%,212,23.74%,130,14.56%,525.33,388.6,246.64,422.92,49.71,111.29,739.82,0.59
07-Jun-22,EEAST,738,74.36%,84.25%,409,46.69%,240,27.40%,162,18.49%,645.56,508.37,355.08,583.27,58.68,149.26,856.71,0.74
06-Jun-22,EEAST,751,72.62%,82.08%,417,45.57%,245,26.78%,190,20.77%,726.17,585.25,429.6,612.1,61.94,149.7,944.54,0.79
05-Jun-22,EEAST,737,80.18%,76.53%,311,32.29%,136,14.12%,86,8.93%,427.54,306.2,205.01,527.18,40.82,87.26,655.17,0.44
04-Jun-22,EEAST,749,81.18%,75.50%,310,31.25%,127,12.80%,84,8.47%,365.98,242.51,144.49,295.45,36.24,77.43,599.24,0.37
03-Jun-22,EEAST,903,87.41%,74.75%,347,28.73%,125,10.35%,68,5.63%,341.01,200.37,96.7,372.27,31.09,63.67,625.95,0.28
02-Jun-22,EEAST,922,88.66%,78.60%,363,30.95%,131,11.17%,58,4.94%,328.96,182.08,73.38,251.63,31.08,59.05,607.69,0.28
01-Jun-22,EEAST,768,84.69%,76.72%,309,30.87%,96,9.59%,54,5.39%,309.5,183.42,99.37,270.25,32.75,67.03,546.37,0.31
31-May-22,EEAST,765,82.28%,79.60%,374,38.92%,175,18.21%,100,10.41%,418.19,286.1,158.21,444.73,40.35,90.81,646.33,0.44
30-May-22,EEAST,797,82.27%,77.00%,355,34.30%,152,14.69%,93,8.99%,406.18,275.1,159.94,361.73,37.75,83.35,651.24,0.39
29-May-22,EEAST,732,86.28%,72.76%,266,26.44%,102,10.14%,63,6.26%,316.92,202.31,121.59,323.15,33.01,71.05,553.45,0.32
28-May-22,EEAST,751,85.13%,72.49%,291,28.09%,130,12.55%,82,7.92%,375.78,260.25,167.64,488.13,35.9,84.44,619.83,0.36
27-May-22,EEAST,788,84.62%,77.41%,356,34.97%,169,16.60%,110,10.81%,421.3,288.66,171.42,340.6,39.04,83.09,662.46,0.41
26-May-22,EEAST,792,84.25%,77.95%,322,31.69%,123,12.11%,63,6.20%,331.4,199.61,102.51,342.63,33.83,73.72,572.85,0.33
25-May-22,EEAST,775,81.56%,78.60%,313,31.74%,131,13.29%,72,7.30%,344.38,219.65,120.95,291.37,35.22,76.57,578.81,0.35
24-May-22,EEAST,756,79.05%,81.47%,341,36.75%,168,18.10%,114,12.28%,454.37,325.99,208.84,347.03,43.66,97.23,675.24,0.49
23-May-22,EEAST,726,76.48%,76.18%,315,33.05%,148,15.53%,99,10.39%,434.99,312.38,205.41,426.52,41.56,95.01,660.09,0.46
22-May-22,EEAST,795,85.68%,73.41%,298,27.52%,107,9.88%,59,5.45%,295.72,168.67,82.63,312.83,30.41,60.97,548.95,0.27
21-May-22,EEAST,781,85.54%,73.75%,332,31.35%,121,11.43%,64,6.04%,336.93,207.12,112.03,273.97,33.17,68.34,585.53,0.32
20-May-22,EEAST,765,79.70%,76.42%,328,32.77%,144,14.39%,80,7.99%,363.5,239.54,132.23,277.03,36,77.7,600.64,0.36
19-May-22,EEAST,783,81.55%,77.37%,370,36.56%,142,14.03%,92,9.09%,455.81,318.73,205.3,373.18,41.17,92.29,694.35,0.45
18-May-22,EEAST,778,82.19%,80.29%,379,39.11%,174,17.96%,112,11.56%,473.91,338.54,211.92,388.3,43.69,102.56,705.66,0.49
17-May-22,EEAST,734,80.19%,79.18%,384,41.42%,163,17.58%,105,11.33%,445.56,312.07,186.01,392.55,43.1,93.44,665.9,0.48
16-May-22,EEAST,811,78.42%,82.67%,441,44.95%,202,20.59%,137,13.97%,578.89,429.03,285.94,461.03,49.77,116.91,813.7,0.59
15-May-22,EEAST,735,84.36%,71.36%,266,25.83%,97,9.42%,65,6.31%,343.12,229.52,151.59,431.45,33.94,70.76,582.65,0.33
14-May-22,EEAST,779,84.26%,79.09%,314,31.88%,119,12.08%,67,6.80%,360.56,235.93,142.17,429.18,36.2,72.8,594.3,0.37
13-May-22,EEAST,852,81.19%,83.28%,421,41.15%,234,22.87%,153,14.96%,559.81,404.69,253.12,400.42,47.27,107.54,805.91,0.55
12-May-22,EEAST,768,80.55%,77.26%,362,36.42%,172,17.30%,119,11.97%,505.68,371.67,249.41,538.53,44.73,97.38,741.08,0.51
11-May-22,EEAST,747,80.62%,80.15%,373,40.02%,176,18.88%,110,11.80%,481.04,351.1,223.86,398.05,45.24,96.84,702.65,0.52
10-May-22,EEAST,788,80.97%,81.24%,385,39.69%,179,18.45%,122,12.58%,548.12,407.69,282.32,434.82,48.11,120.43,777.79,0.57
09-May-22,EEAST,719,74.75%,79.62%,354,39.20%,160,17.72%,107,11.85%,451.68,324.35,206.64,381.97,44.25,100.97,665.99,0.5
08-May-22,EEAST,737,79.95%,76.69%,322,33.51%,143,14.88%,93,9.68%,420.63,296.65,190.79,480.63,40.39,90.74,646.97,0.44
07-May-22,EEAST,701,81.92%,72.64%,309,32.02%,140,14.51%,90,9.33%,373.72,257.57,154.59,381.15,37.19,83.26,598.22,0.39
06-May-22,EEAST,813,82.53%,75.84%,375,34.98%,176,16.42%,103,9.61%,462.53,320.85,197.67,441.28,39.97,93.04,714.08,0.43
05-May-22,EEAST,819,82.96%,81.25%,416,41.27%,213,21.13%,148,14.68%,577.28,428.64,283.39,351.32,48.73,122.27,818.65,0.57
04-May-22,EEAST,726,81.21%,75.31%,395,40.98%,221,22.93%,128,13.28%,514.9,381.52,234.5,486.95,46.15,102.47,741.46,0.53
03-May-22,EEAST,734,76.51%,78.50%,329,35.19%,162,17.33%,102,10.91%,424.58,298.85,186.38,409.82,41.52,100.15,647.02,0.45
02-May-22,EEAST,812,87.07%,74.43%,320,29.33%,146,13.38%,89,8.16%,406.34,276.87,174.2,415.12,36.5,85.85,663.66,0.37
01-May-22,EEAST,773,88.58%,69.70%,292,26.33%,101,9.11%,45,4.06%,274.3,155.14,73.41,254.07,28.77,56.04,531.85,0.25
30-Apr-22,EEAST,766,85.51%,71.72%,290,27.15%,106,9.93%,63,5.90%,313.29,193.84,106.71,353.52,31.49,62.21,560.6,0.29
29-Apr-22,EEAST,792,85.32%,73.27%,320,29.60%,112,10.36%,76,7.03%,346.32,216.58,121.41,471.08,33.28,69.24,599.54,0.32
28-Apr-22,EEAST,826,84.35%,78.97%,383,36.62%,155,14.82%,83,7.93%,409.35,266.97,141.52,265.28,37.84,84.36,659.69,0.39
27-Apr-22,EEAST,752,78.01%,80.60%,422,45.23%,203,21.76%,128,13.72%,494.77,353.35,211.52,343.97,46.03,101.34,715.71,0.53
26-Apr-22,EEAST,720,78.25%,82.00%,352,40.09%,189,21.53%,118,13.44%,454.16,328.91,202.63,338.17,45.42,102.55,664.7,0.52
25-Apr-22,EEAST,750,79.12%,78.53%,343,35.92%,169,17.70%,114,11.94%,462.18,334.54,214.1,551.42,43.28,95.52,688.93,0.48
24-Apr-22,EEAST,778,87.96%,73.47%,309,29.18%,123,11.61%,74,6.99%,343.67,217.57,119.14,435.82,33.59,71.88,592.81,0.32
23-Apr-22,EEAST,782,82.45%,77.43%,370,36.63%,178,17.62%,103,10.20%,414.12,280.29,155.97,291.53,38.85,88.52,653.94,0.41
22-Apr-22,EEAST,816,82.08%,80.63%,395,39.03%,159,15.71%,88,8.70%,403.3,262.66,141.69,399.17,38.23,80.93,644.81,0.4
21-Apr-22,EEAST,796,79.09%,80.65%,403,40.83%,217,21.99%,144,14.59%,545.08,403.09,259.02,310.12,47.46,115.79,780.76,0.55
20-Apr-22,EEAST,761,79.46%,80.61%,389,41.21%,178,18.86%,112,11.86%,483.26,345.68,216.79,391,45.02,101.62,708.26,0.51
19-Apr-22,EEAST,706,73.37%,78.62%,359,39.98%,200,22.27%,136,15.14%,550.62,423.28,294.24,625.83,51.06,118.12,764.16,0.61
18-Apr-22,EEAST,824,85.10%,76.72%,320,29.80%,120,11.17%,74,6.89%,365.7,232.68,138.09,385.05,34.57,72.87,618.81,0.34
17-Apr-22,EEAST,761,85.95%,75.42%,253,25.07%,67,6.64%,38,3.77%,239.78,122.3,58.96,357.07,28.32,55.28,476.26,0.24
16-Apr-22,EEAST,759,82.62%,75.30%,292,28.97%,105,10.42%,60,5.95%,298.35,175.17,90.86,281.72,31.87,67.06,535.45,0.3
15-Apr-22,EEAST,780,85.40%,74.07%,319,30.29%,117,11.11%,68,6.46%,327.69,199.74,105.81,293.13,32.67,69.26,573.43,0.31
14-Apr-22,EEAST,772,80.91%,80.25%,378,39.29%,189,19.65%,128,13.31%,477.13,340.38,212.02,344.98,44.06,96.85,706.41,0.5
13-Apr-22,EEAST,763,79.27%,81.43%,374,39.91%,180,19.21%,123,13.13%,503.67,373.21,247.37,422.43,46.59,107.46,727.52,0.54
12-Apr-22,EEAST,692,76.18%,82.58%,381,45.47%,199,23.75%,142,16.95%,565.77,439.12,306.46,541.83,54.79,143.55,765.21,0.68
11-Apr-22,EEAST,747,77.46%,82.63%,417,46.13%,237,26.22%,166,18.36%,683.88,546.19,390.63,480.73,59.73,147.9,899.86,0.76
10-Apr-22,EEAST,746,82.31%,79.36%,339,36.06%,174,18.51%,114,12.13%,452.16,324.7,207.84,423.28,43.12,92.1,675.5,0.48
09-Apr-22,EEAST,796,82.81%,81.81%,382,39.26%,194,19.94%,115,11.82%,469.97,331.41,199.95,349.02,43.27,96.51,701.77,0.48
08-Apr-22,EEAST,768,78.23%,85.14%,411,45.57%,202,22.39%,151,16.74%,542.02,400.49,258.72,340.47,50.5,120.55,759.24,0.6
07-Apr-22,EEAST,714,75.17%,83.02%,390,45.35%,218,25.35%,154,17.91%,579.08,445.57,307.01,652.8,54.82,123.12,785.71,0.67
06-Apr-22,EEAST,690,75.55%,80.89%,403,47.25%,229,26.85%,155,18.17%,615.09,480.67,333.22,447.38,57.56,138.57,818.38,0.72
05-Apr-22,EEAST,662,72.72%,81.43%,403,49.57%,238,29.27%,167,20.54%,640.7,512.49,363.53,704.72,61.48,159.03,833.06,0.79
04-Apr-22,EEAST,756,75.41%,81.91%,425,46.05%,234,25.35%,175,18.96%,685.89,542.05,392.05,539.02,58.81,144.35,904.64,0.74
03-Apr-22,EEAST,728,76.79%,80.89%,371,41.22%,201,22.33%,119,13.22%,448.05,316.86,185.37,349.23,44.12,99.23,661.73,0.5
02-Apr-22,EEAST,693,78.81%,80.68%,367,42.72%,188,21.89%,137,15.95%,558.48,431.13,304.66,593.85,53.26,117.1,762.48,0.65
01-Apr-22,EEAST,758,78.50%,82.39%,416,45.22%,233,25.33%,152,16.52%,598.62,456.4,302.89,498.9,53.44,122.41,819.47,0.65
31-Mar-22,EEAST,744,80.19%,82.03%,403,44.43%,219,24.15%,130,14.33%,508.23,367.24,222.91,434.07,47.93,107.82,724.58,0.56
30-Mar-22,EEAST,728,75.92%,87.82%,436,52.59%,232,27.99%,148,17.85%,592.55,449.41,296.83,517.53,57.37,127.6,792.66,0.71
29-Mar-22,EEAST,660,73.76%,85.38%,375,48.51%,232,30.01%,171,22.12%,645.8,519.13,375.48,553.13,64.57,149.27,831.92,0.84
28-Mar-22,EEAST,696,70.63%,83.15%,408,48.75%,239,28.55%,179,21.39%,702.98,569.45,415.42,556.05,64.77,142.57,903.48,0.84
27-Mar-22,EEAST,764,81.05%,83.50%,401,43.83%,195,21.31%,130,14.21%,529.22,391.26,252.7,611.53,49.09,119.51,748.66,0.58
26-Mar-22,EEAST,726,79.91%,84.13%,422,48.90%,189,21.90%,123,14.25%,513.02,370.19,234.24,497.2,50.04,115.24,719.68,0.59
25-Mar-22,EEAST,716,75.41%,81.92%,391,44.74%,205,23.46%,143,16.36%,577.91,446.33,307.88,614.75,54.03,123.91,787.05,0.66
24-Mar-22,EEAST,726,73.29%,85.92%,381,45.09%,195,23.08%,136,16.09%,543.16,408.34,276.91,476.73,53.05,117.22,747.1,0.64
23-Mar-22,EEAST,676,72.66%,81.54%,405,48.85%,235,28.35%,166,20.02%,646.74,513.8,361.04,564.73,61.16,144.07,845.09,0.78
22-Mar-22,EEAST,735,75.08%,82.96%,440,49.66%,247,27.88%,171,19.30%,622.91,482.81,323.01,647.73,56.47,128.19,833.82,0.7
21-Mar-22,EEAST,731,76.85%,78.94%,364,39.31%,194,20.95%,137,14.79%,559.97,428.94,300.74,530.52,50.45,124.95,778.65,0.6
20-Mar-22,EEAST,756,81.16%,75.00%,337,33.43%,159,15.77%,107,10.62%,439.22,311.46,198,378.1,40.2,82.26,675.39,0.44
19-Mar-22,EEAST,716,80.32%,78.34%,323,35.34%,139,15.21%,90,9.85%,422.62,301.68,200.18,523.62,41.84,91.87,637.38,0.46
18-Mar-22,EEAST,767,76.33%,79.56%,423,43.88%,202,20.95%,129,13.38%,513.02,368.89,225.5,387.7,46.16,101.87,741.64,0.53
17-Mar-22,EEAST,787,78.03%,79.98%,436,44.31%,237,24.09%,157,15.96%,570.69,424.43,265.96,364.23,49.06,106.63,804.6,0.58
16-Mar-22,EEAST,738,74.32%,81.46%,404,44.59%,204,22.52%,138,15.23%,548.5,413.73,270.26,417.2,50.6,109.54,764.05,0.61
15-Mar-22,EEAST,725,75.74%,83.82%,417,48.21%,239,27.63%,169,19.54%,636.5,499.07,346.83,446.33,58.48,144.46,843.08,0.74
14-Mar-22,EEAST,755,74.74%,81.80%,455,49.30%,243,26.33%,172,18.63%,642.25,493.94,332.1,419.05,56.01,137.07,861.59,0.7
13-Mar-22,EEAST,728,81.58%,74.36%,323,32.99%,153,15.63%,95,9.70%,413.52,290.75,181.44,400.65,39.38,88.34,642.52,0.42
12-Mar-22,EEAST,727,82.43%,72.77%,312,31.23%,136,13.61%,80,8.01%,330.11,208.27,109.03,257.4,33.85,72.09,563.63,0.33
11-Mar-22,EEAST,762,76.95%,79.79%,423,44.29%,229,23.98%,141,14.76%,535.31,393.56,242.46,360.78,47.94,102.99,763.09,0.56
10-Mar-22,EEAST,758,77.56%,82.12%,452,48.97%,268,29.04%,179,19.39%,635.09,491.47,321.28,400.05,55.54,130.56,854.45,0.69
09-Mar-22,EEAST,702,75.59%,76.06%,376,40.74%,222,24.05%,165,17.88%,588.48,462.74,318.02,524.33,52.47,119.48,807.22,0.64
08-Mar-22,EEAST,790,78.58%,80.04%,398,40.32%,222,22.49%,152,15.40%,538.44,398.37,252.88,445.87,47,105.01,773.14,0.55
07-Mar-22,EEAST,780,78.87%,75.73%,407,39.51%,198,19.22%,136,13.20%,519.54,380.2,240.9,421.68,44.42,97.7,762.48,0.5
06-Mar-22,EEAST,797,84.29%,76.56%,332,31.89%,141,13.54%,96,9.22%,388.24,257.49,156.52,446.92,36.49,77.96,633.11,0.37
05-Mar-22,EEAST,766,82.12%,76.14%,373,37.08%,158,15.71%,94,9.34%,426.57,295.03,170.96,346.63,39.53,90.19,662.83,0.42
04-Mar-22,EEAST,808,82.09%,77.32%,369,35.31%,173,16.56%,103,9.86%,428.63,290.21,168.57,301.28,38.73,90.49,674.56,0.41
03-Mar-22,EEAST,805,84.01%,76.23%,359,34.00%,169,16.00%,109,10.32%,476.45,340.21,219.91,507.2,41.32,95,727.27,0.45
02-Mar-22,EEAST,799,83.15%,76.39%,363,34.70%,147,14.05%,79,7.55%,392.73,256.68,140.5,393.43,36.67,81.11,639.33,0.38
01-Mar-22,EEAST,746,80.79%,77.79%,339,35.35%,147,15.33%,93,9.70%,414.36,289.53,182.71,404.27,40.15,86.91,641.72,0.43
28-Feb-22,EEAST,784,78.49%,75.38%,432,41.54%,223,21.44%,152,14.62%,562.93,420.44,269.61,365.28,46.48,100.48,805.73,0.54
27-Feb-22,EEAST,764,83.41%,71.34%,293,27.36%,126,11.76%,69,6.44%,325.52,201.91,108.63,304,32.28,65.42,576.2,0.3
26-Feb-22,EEAST,770,81.04%,74.76%,351,34.08%,161,15.63%,90,8.74%,387.84,257.61,145.86,295.9,36.73,82.48,630.5,0.38
25-Feb-22,EEAST,839,81.40%,80.21%,415,39.67%,202,19.31%,107,10.23%,451.35,302.91,163.24,307.12,40.19,84.68,700.7,0.43
24-Feb-22,EEAST,822,81.11%,79.11%,383,36.86%,188,18.09%,120,11.55%,460.81,318.75,190.45,426.83,40.84,83.48,707.18,0.44
23-Feb-22,EEAST,787,79.06%,78.94%,388,38.92%,172,17.25%,121,12.14%,520.62,383.27,258.24,550.12,45.56,100.13,757,0.52
22-Feb-22,EEAST,762,78.13%,78.15%,364,37.33%,182,18.67%,132,13.54%,512.25,378.2,254.51,499.08,45.74,106.44,743.26,0.53
21-Feb-22,EEAST,767,76.45%,76.47%,407,40.58%,206,20.54%,119,11.86%,547.17,408.9,266.46,616.53,46.86,110.82,783.32,0.55
20-Feb-22,EEAST,877,85.86%,75.21%,390,33.45%,182,15.61%,119,10.21%,487.99,342.56,214.7,676.83,39.17,82.74,761.17,0.42
19-Feb-22,EEAST,826,85.71%,76.06%,316,29.10%,127,11.69%,69,6.35%,350.24,220.62,127.66,330.42,33.45,72.72,605.51,0.32
18-Feb-22,EEAST,773,83.07%,74.69%,345,33.33%,157,15.17%,112,10.82%,441.4,311.1,197.2,442.57,39.63,88.25,683.63,0.43
17-Feb-22,EEAST,785,78.23%,80.93%,404,41.65%,213,21.96%,137,14.12%,555.97,415.66,273.84,439.87,48.62,110.59,786.05,0.57
16-Feb-22,EEAST,708,75.08%,78.06%,341,37.60%,186,20.51%,138,15.21%,527.53,403.67,281.7,582.35,49.13,109.96,742.73,0.58
15-Feb-22,EEAST,734,77.67%,75.90%,323,33.40%,138,14.27%,92,9.51%,393.76,270,162.75,341.2,38.54,88.27,621.11,0.41
14-Feb-22,EEAST,744,74.98%,79.32%,426,45.42%,215,22.92%,150,15.99%,613.64,473.84,322.8,430.07,53.42,124.77,835.21,0.65
13-Feb-22,EEAST,746,84.47%,67.57%,258,23.37%,135,12.23%,93,8.42%,368.4,258.69,169.83,326.33,33.8,79.45,621.95,0.33
12-Feb-22,EEAST,796,86.28%,73.16%,291,26.75%,105,9.65%,42,3.86%,279.69,153.01,65.91,315.88,29.47,56.93,534.34,0.26
11-Feb-22,EEAST,828,83.48%,76.95%,363,33.74%,147,13.66%,98,9.11%,402.11,264.97,151.69,319.3,36.54,78.39,655.33,0.37
10-Feb-22,EEAST,793,81.27%,74.88%,356,33.62%,165,15.58%,106,10.01%,428.37,295.05,177.61,490.8,38.38,80.15,677.39,0.4
09-Feb-22,EEAST,725,77.72%,75.29%,318,33.02%,148,15.37%,91,9.45%,393.17,272.87,166.99,351.43,38.67,86.23,620.7,0.41
08-Feb-22,EEAST,701,76.15%,76.78%,384,42.06%,203,22.23%,137,15.01%,497.94,368.17,230.73,324.7,46.86,110.4,713,0.55
07-Feb-22,EEAST,800,79.62%,76.12%,385,36.63%,195,18.55%,125,11.89%,481.44,344.56,211.06,353.63,41.57,93.26,728.19,0.46
06-Feb-22,EEAST,831,88.20%,69.89%,261,21.95%,77,6.48%,35,2.94%,243.36,123.43,51.63,278.03,26.18,49.15,518.87,0.2
05-Feb-22,EEAST,765,84.33%,72.17%,306,28.87%,128,12.08%,62,5.85%,303.99,182.06,83.04,227.17,31.29,65.39,552.85,0.29
04-Feb-22,EEAST,830,83.94%,76.01%,365,33.42%,171,15.66%,96,8.79%,406.88,266.53,144.95,258.08,36.48,82.47,663.85,0.37
03-Feb-22,EEAST,802,82.27%,76.82%,375,35.92%,169,16.19%,104,9.96%,459.78,321.19,196.16,452.52,40.63,90.31,707.02,0.44
02-Feb-22,EEAST,836,82.77%,78.72%,404,38.04%,167,15.73%,99,9.32%,454.44,306.44,175.83,377.1,39.95,85.84,707.15,0.43
01-Feb-22,EEAST,718,77.72%,76.22%,397,42.14%,203,21.55%,128,13.59%,508.58,376.8,239.91,381.85,46.42,104.43,728.82,0.54
31-Jan-22,EEAST,797,84.35%,73.59%,353,32.59%,182,16.81%,127,11.73%,475.22,342.32,219.98,395,40.46,97.65,730.27,0.44
30-Jan-22,EEAST,790,86.19%,71.11%,280,25.20%,128,11.52%,83,7.47%,378.01,260.1,167.22,482.37,34.39,74.89,636.85,0.34
29-Jan-22,EEAST,777,83.97%,72.68%,302,28.25%,124,11.60%,75,7.02%,323.02,199.98,107.65,267.43,32.13,65.81,572.44,0.3
28-Jan-22,EEAST,812,82.00%,77.19%,382,36.31%,192,18.25%,111,10.55%,459.66,319.51,185.8,401.38,40.44,89.64,708.96,0.44
27-Jan-22,EEAST,760,78.02%,74.36%,337,32.97%,160,15.66%,109,10.67%,464.62,338.59,225.09,475.42,41.29,95.04,703.24,0.45
26-Jan-22,EEAST,786,81.55%,75.65%,395,38.02%,196,18.86%,134,12.90%,527.33,387.78,253.83,362.95,44.47,100.09,770.15,0.51
25-Jan-22,EEAST,765,81.15%,78.62%,395,40.60%,214,21.99%,149,15.31%,577.67,439.21,297.74,389.62,49.78,115.85,807.25,0.59
24-Jan-22,EEAST,815,80.83%,74.63%,388,35.53%,202,18.50%,133,12.18%,492.08,352.89,214.16,375.03,41.12,94.78,748.3,0.45
23-Jan-22,EEAST,864,85.18%,74.42%,335,28.85%,142,12.23%,97,8.35%,387.56,252.84,142.87,297.42,34.07,74,659.23,0.33
22-Jan-22,EEAST,802,84.42%,74.40%,329,30.52%,139,12.89%,64,5.94%,348.22,213.44,105.43,407.62,33.49,67.01,601.63,0.32
21-Jan-22,EEAST,748,84.83%,68.25%,320,29.20%,154,14.05%,91,8.30%,380.12,259.52,150,304.53,34.63,77.01,632.52,0.35
20-Jan-22,EEAST,767,85.86%,69.41%,311,28.14%,126,11.40%,72,6.52%,340.49,218.03,121.15,345.47,32.37,69.43,596.07,0.31
19-Jan-22,EEAST,776,85.32%,70.29%,294,26.63%,113,10.24%,62,5.62%,317.52,196.59,107.1,343.27,31.18,68.6,573.7,0.29
18-Jan-22,EEAST,810,82.42%,76.78%,385,36.49%,173,16.40%,109,10.33%,463.98,324.25,196.43,398.4,40.5,90.36,712.2,0.44
17-Jan-22,EEAST,826,81.68%,74.41%,359,32.34%,155,13.96%,93,8.38%,437.37,299.95,185.31,406.28,37.73,90.52,697.97,0.39
16-Jan-22,EEAST,775,90.60%,68.16%,247,21.72%,71,6.24%,31,2.73%,229.7,115.52,46.81,247.17,25.94,49.68,491.63,0.2
15-Jan-22,EEAST,769,88.24%,68.36%,237,21.07%,70,6.22%,34,3.02%,227.93,112.7,47.96,218.08,26,46.2,487.44,0.2
14-Jan-22,EEAST,879,89.73%,72.35%,311,25.60%,111,9.14%,59,4.86%,312.38,178.58,90.33,273.13,29.39,56.96,595.09,0.26
13-Jan-22,EEAST,791,87.85%,71.01%,247,22.17%,63,5.66%,30,2.69%,223.08,103.08,38.87,210.32,26,47.27,482.71,0.2
12-Jan-22,EEAST,777,87.22%,71.15%,276,25.27%,88,8.06%,32,2.93%,242.19,123.56,46.87,221.98,27.38,53.51,498.4,0.22
11-Jan-22,EEAST,758,82.94%,74.24%,318,31.15%,144,14.10%,91,8.91%,383.58,258.6,152.55,290.12,36.59,82.02,622.56,0.38
10-Jan-22,EEAST,827,84.19%,73.58%,391,34.79%,214,19.04%,134,11.92%,538.88,394.79,253.63,423.9,42.82,97.54,802.16,0.48
09-Jan-22,EEAST,882,90.20%,71.47%,333,26.99%,108,8.75%,69,5.59%,338.87,199.36,105.45,311.38,30.52,63.38,627.76,0.27
08-Jan-22,EEAST,829,87.18%,74.35%,315,28.25%,123,11.03%,77,6.91%,338.36,207.82,112.97,301.52,32.3,66.51,600.32,0.3
07-Jan-22,EEAST,848,86.21%,74.13%,350,30.59%,154,13.46%,89,7.78%,381.44,244.72,130.79,253.07,34.1,74.47,650.14,0.33
06-Jan-22,EEAST,833,83.68%,76.63%,350,32.20%,164,15.09%,110,10.12%,411.42,271.66,155.94,405.87,36.82,79.66,667.02,0.38
05-Jan-22,EEAST,771,81.74%,73.29%,381,36.22%,172,16.35%,105,9.98%,415.18,281.29,154.51,298.17,37.63,78.99,659.78,0.39
04-Jan-22,EEAST,781,79.53%,76.72%,371,36.44%,182,17.88%,119,11.69%,478.28,342.71,215.88,441.12,42.35,98.09,718.62,0.47
03-Jan-22,EEAST,824,83.50%,76.44%,382,35.44%,191,17.72%,122,11.32%,488.13,346.43,218.77,526.62,41.27,98.01,741.5,0.45
02-Jan-22,EEAST,884,84.55%,77.68%,378,33.22%,153,13.44%,99,8.70%,434.38,288,170.86,335.12,37.14,86.27,704.44,0.38
01-Jan-22,EEAST,883,80.59%,80.27%,448,40.73%,233,21.18%,132,12.00%,545.57,385.77,228.53,574.38,43.97,96.93,806.18,0.5
31-Dec-21,EEAST,810,76.93%,81.24%,413,41.42%,189,18.96%,125,12.54%,482.8,336.39,201.54,323.23,43.35,94.21,720.28,0.48
30-Dec-21,EEAST,775,75.51%,83.24%,452,48.55%,260,27.93%,180,19.33%,662.04,514.85,346.33,408.3,57.04,127.57,885.02,0.71
29-Dec-21,EEAST,828,82.28%,76.88%,398,36.95%,196,18.20%,128,11.88%,519.36,375.44,238.58,720,43.03,95.13,772.32,0.48
28-Dec-21,EEAST,765,82.71%,73.70%,323,31.12%,153,14.74%,108,10.40%,435.93,308.5,201.11,390.9,39.3,89.63,679.85,0.42
27-Dec-21,EEAST,816,84.69%,75.28%,356,32.84%,163,15.04%,96,8.86%,388.02,252.96,135.37,323.07,35.5,76.55,641.29,0.36
26-Dec-21,EEAST,875,89.07%,71.08%,305,24.78%,114,9.26%,73,5.93%,315.68,181.55,89.78,248.07,29.34,60.11,602,0.26
25-Dec-21,EEAST,823,91.04%,69.86%,233,19.78%,32,2.72%,14,1.19%,179.19,62.47,16.95,160.13,23.02,38.53,452,0.15
24-Dec-21,EEAST,791,91.01%,69.75%,235,20.72%,50,4.41%,21,1.85%,198.14,83.06,26.59,170.72,24.48,43.22,462.67,0.17
23-Dec-21,EEAST,862,88.77%,73.17%,294,24.96%,85,7.22%,44,3.74%,268.79,138.03,61.81,224.27,27.79,55.58,545.62,0.23
22-Dec-21,EEAST,813,88.71%,69.91%,263,22.61%,71,6.10%,35,3.01%,235.25,114.9,47.63,245.65,26.02,47.8,504.39,0.2
21-Dec-21,EEAST,794,87.05%,70.33%,295,26.13%,112,9.92%,60,5.31%,307.83,181.63,94.68,290.83,30.31,63.08,570.41,0.27
20-Dec-21,EEAST,913,86.35%,75.96%,314,26.12%,129,10.73%,74,6.16%,362.87,220.88,126.73,354.32,32.24,59.56,645.88,0.3
19-Dec-21,EEAST,806,92.06%,68.19%,185,15.65%,37,3.13%,18,1.52%,172.57,67.45,26.06,248.23,22.54,38.41,444.08,0.15
18-Dec-21,EEAST,848,90.01%,72.98%,304,26.16%,98,8.43%,43,3.70%,282.25,153.37,67.64,262.58,28.52,55.75,552.4,0.24
17-Dec-21,EEAST,776,86.17%,71.19%,309,28.35%,106,9.72%,53,4.86%,298.64,174.65,83.28,241.62,30.33,63.31,550.98,0.27
16-Dec-21,EEAST,824,85.66%,74.98%,343,31.21%,129,11.74%,63,5.73%,337.81,201.54,94.61,275.92,32.57,62.65,596.5,0.31
15-Dec-21,EEAST,802,82.02%,75.45%,369,34.71%,145,13.64%,87,8.18%,371.87,232.54,118.68,251.08,35.09,74.37,621.71,0.35
14-Dec-21,EEAST,810,78.52%,81.16%,403,40.38%,188,18.84%,104,10.42%,485.74,341.08,204.21,438.85,43.48,94.48,723.21,0.49
13-Dec-21,EEAST,847,77.89%,81.21%,440,42.19%,221,21.19%,126,12.08%,531.62,377.75,225.27,380.08,44.8,103.09,778.76,0.51
12-Dec-21,EEAST,832,84.77%,72.54%,316,27.55%,122,10.64%,74,6.45%,336.55,206.27,105.31,319.35,31.61,61.87,604.25,0.29
11-Dec-21,EEAST,847,83.60%,76.93%,327,29.70%,149,13.53%,82,7.45%,366.76,233.58,127.99,403.8,34.16,70.22,626.84,0.33
10-Dec-21,EEAST,804,79.56%,77.38%,411,39.56%,197,18.96%,102,9.82%,440.76,296.55,154.99,265.28,39.57,87.93,685.15,0.42
09-Dec-21,EEAST,775,79.47%,78.20%,373,37.64%,183,18.47%,120,12.11%,481.53,348.06,220.6,409.05,43.35,97.47,715.97,0.49
08-Dec-21,EEAST,812,83.01%,75.53%,365,33.95%,165,15.35%,101,9.40%,423.71,284.58,163.3,314.68,37.76,78.82,676.56,0.39
07-Dec-21,EEAST,712,77.55%,78.07%,337,36.95%,169,18.53%,101,11.07%,415.81,293.09,174.98,311.97,41.63,98.13,632.77,0.46
06-Dec-21,EEAST,808,77.45%,78.14%,397,38.39%,237,22.92%,173,16.73%,631.93,491.26,345.18,396.37,50.87,120,876.66,0.61
05-Dec-21,EEAST,779,82.32%,75.70%,342,33.24%,165,16.03%,91,8.84%,418.83,288.06,176.79,420.3,38.53,89.69,660.79,0.41
04-Dec-21,EEAST,730,80.00%,76.04%,316,32.92%,132,13.75%,79,8.23%,380.75,260.6,159.86,550.45,37.9,84.02,606.42,0.4
03-Dec-21,EEAST,822,78.59%,78.59%,394,37.67%,203,19.41%,142,13.58%,520.59,376.53,238.75,305.68,44.11,105.25,769.06,0.5
02-Dec-21,EEAST,713,79.45%,74.35%,328,34.20%,156,16.27%,98,10.22%,396.86,276.49,167.06,408.48,38.87,88.48,621.33,0.41
01-Dec-21,EEAST,723,77.74%,76.67%,293,31.07%,120,12.73%,68,7.21%,350.11,234.21,140.94,473.85,36.45,75.48,572.84,0.37
30-Nov-21,EEAST,724,77.25%,77.52%,371,39.72%,186,19.91%,124,13.28%,470.73,341.52,212.39,398.22,44.42,104.07,691.43,0.5
29-Nov-21,EEAST,754,77.89%,74.07%,362,35.56%,168,16.50%,104,10.22%,478.14,347.39,224.78,546.05,42.27,91.24,717.21,0.47
28-Nov-21,EEAST,814,84.34%,74.47%,322,29.46%,139,12.72%,78,7.14%,380.51,250.74,148.58,568.13,34.97,75.46,636.96,0.35
27-Nov-21,EEAST,805,82.47%,74.40%,335,30.96%,149,13.77%,94,8.69%,395.78,265.59,156.74,447.95,35.98,76.93,648.92,0.37
26-Nov-21,EEAST,814,83.37%,74.13%,343,31.24%,172,15.66%,102,9.29%,430.09,297.02,176.02,335.55,37.58,85.24,687.78,0.39
25-Nov-21,EEAST,825,88.09%,73.86%,330,29.54%,116,10.38%,64,5.73%,335.47,202.4,104.49,332.58,32.04,69.71,596.39,0.3
24-Nov-21,EEAST,891,85.89%,77.88%,386,33.74%,140,12.24%,69,6.03%,384.82,236.93,117.4,409.52,34.4,73.02,655.92,0.34
23-Nov-21,EEAST,860,85.60%,78.61%,443,40.49%,204,18.65%,122,11.15%,484.41,329.44,181.67,315.97,40.8,91.36,743.89,0.44
22-Nov-21,EEAST,847,84.82%,71.48%,350,29.54%,171,14.43%,79,6.67%,380.67,241.33,120.97,283.18,33.17,71.59,655.16,0.32
21-Nov-21,EEAST,761,90.79%,66.52%,252,22.03%,71,6.21%,29,2.53%,222.02,110.36,41.61,241.25,25.41,49.26,484.47,0.19
20-Nov-21,EEAST,825,89.07%,70.33%,276,23.53%,79,6.73%,44,3.75%,280.17,155.85,87.01,293.57,28.27,55.64,552.66,0.24
19-Nov-21,EEAST,812,90.54%,67.84%,309,25.81%,129,10.78%,60,5.01%,307.32,180.14,86.82,220.1,29.11,64.62,580.81,0.26
18-Nov-21,EEAST,771,88.84%,66.81%,298,25.82%,111,9.62%,48,4.16%,272.62,150.31,59.29,265.52,27.95,56.54,537.56,0.24
17-Nov-21,EEAST,826,84.19%,73.49%,376,33.45%,152,13.52%,74,6.58%,372.32,235.26,116.83,282.23,33.87,76.84,634.57,0.33
16-Nov-21,EEAST,820,86.50%,77.58%,337,31.88%,142,13.43%,80,7.57%,376.47,242.84,137.64,375.98,35.63,75.99,627.64,0.36
15-Nov-21,EEAST,829,84.03%,73.95%,368,32.83%,187,16.68%,104,9.28%,445.68,305.09,173.61,386.23,37.93,83.21,708.64,0.4
14-Nov-21,EEAST,795,86.91%,68.42%,258,22.20%,101,8.69%,62,5.34%,311.66,194.2,116.58,347.6,29.89,62.44,578.88,0.27
13-Nov-21,EEAST,763,89.95%,67.11%,274,24.10%,117,10.29%,62,5.45%,301.54,184.22,99.91,281.48,29.62,63.46,561.21,0.27
12-Nov-21,EEAST,880,85.35%,75.93%,361,31.15%,139,11.99%,72,6.21%,367.97,224.26,112.01,315.8,33.18,75.81,640.94,0.32
11-Nov-21,EEAST,933,85.86%,80.02%,410,35.16%,195,16.72%,121,10.38%,455.61,300.25,162.45,384.72,37.72,79.67,732.93,0.39
10-Nov-21,EEAST,672,83.10%,75.93%,252,28.47%,95,10.73%,53,5.99%,269.28,162.41,86.16,321.73,32.47,60.8,478.99,0.3
09-Nov-21,EEAST,871,82.91%,83.91%,460,44.32%,254,24.47%,171,16.47%,628.89,467.14,302.4,411.28,50.74,118.79,877.86,0.61
08-Nov-21,EEAST,885,84.47%,78.25%,433,38.28%,220,19.45%,141,12.47%,546.38,393.63,242.36,427.33,43.26,99.26,815.37,0.48
07-Nov-21,EEAST,800,86.78%,73.87%,308,28.44%,117,10.80%,69,6.37%,344.53,216.9,125.79,505.88,33.22,68.05,599.63,0.32
06-Nov-21,EEAST,794,85.45%,71.15%,289,25.90%,118,10.57%,66,5.91%,317.33,193.71,105.2,321.5,31.05,66.04,577.57,0.28
05-Nov-21,EEAST,840,82.59%,80.46%,378,36.21%,164,15.71%,92,8.81%,397.77,255.58,133.88,296.58,37.16,81.01,646.54,0.38
04-Nov-21,EEAST,865,85.34%,79.87%,413,38.13%,168,15.51%,107,9.88%,485.89,333.49,201.52,484.32,41.22,89.81,743.94,0.45
03-Nov-21,EEAST,802,82.43%,76.67%,382,36.52%,188,17.97%,117,11.19%,486.82,348.67,216.38,396.42,42.12,97.17,734.35,0.47
02-Nov-21,EEAST,806,81.61%,82.58%,500,51.23%,276,28.28%,186,19.06%,665.38,507.12,324.75,314.75,55.27,123.22,899.11,0.68
01-Nov-21,EEAST,917,83.22%,81.08%,484,42.79%,267,23.61%,183,16.18%,725.75,558.97,382.59,629.35,52.81,121.54,995.55,0.64
31-Oct-21,EEAST,845,86.01%,78.10%,398,36.78%,185,17.10%,110,10.17%,468.28,323.52,192.18,363.72,40.1,91.43,723.22,0.43
30-Oct-21,EEAST,818,85.01%,77.54%,380,36.02%,167,15.83%,94,8.91%,434.8,293.39,171.83,505.08,38.82,80.05,682.53,0.41
29-Oct-21,EEAST,821,81.52%,76.59%,422,39.37%,205,19.12%,120,11.19%,456.29,311.56,167.25,293.42,39.63,85.18,708.1,0.43
28-Oct-21,EEAST,902,86.23%,77.42%,426,36.57%,176,15.11%,80,6.87%,418.02,261.63,123.19,550.2,35.73,82.15,693.8,0.36
27-Oct-21,EEAST,871,86.77%,78.12%,348,31.21%,173,15.52%,97,8.70%,410.66,272.59,150.08,270.13,36.27,80.1,673.96,0.37
26-Oct-21,EEAST,798,82.43%,78.01%,414,40.47%,194,18.96%,117,11.44%,477.58,334.54,194.45,465.85,42.21,97.86,719.74,0.47
25-Oct-21,EEAST,828,80.35%,75.82%,401,36.72%,213,19.51%,139,12.73%,538.05,396.46,255.52,321.12,43.58,103.29,793.2,0.49
24-Oct-21,EEAST,823,90.14%,70.34%,300,25.64%,131,11.20%,70,5.98%,340.13,213.22,114.91,329.07,31.35,63.27,611.31,0.29
23-Oct-21,EEAST,866,90.49%,73.95%,314,26.81%,127,10.85%,78,6.66%,351.8,219.98,125.46,361,31.96,71.36,623.75,0.3
22-Oct-21,EEAST,835,88.27%,72.55%,311,27.02%,104,9.04%,59,5.13%,308.55,176.99,89.45,283.1,30.1,58.83,577.35,0.27
21-Oct-21,EEAST,865,86.43%,76.75%,384,34.07%,180,15.97%,102,9.05%,422.6,278.15,150.53,267.65,36.63,78.65,688.04,0.37
20-Oct-21,EEAST,789,80.85%,78.51%,389,38.71%,202,20.10%,126,12.54%,507.26,370.93,229.95,345.65,44.54,99.8,746.01,0.5
19-Oct-21,EEAST,886,82.37%,78.06%,463,40.79%,229,20.18%,139,12.25%,550.47,391.02,231.91,347.28,43.32,102.27,819.41,0.48
18-Oct-21,EEAST,875,85.83%,74.85%,402,34.39%,185,15.83%,94,8.04%,445.97,296.6,162.69,317.57,36.9,77.63,718.91,0.38
17-Oct-21,EEAST,879,88.74%,71.93%,303,24.80%,107,8.76%,61,4.99%,316.34,182.33,94.68,255.85,29.52,59.41,601.13,0.26
16-Oct-21,EEAST,833,89.83%,69.82%,261,21.88%,100,8.38%,49,4.11%,275.92,153.77,72.9,259.98,27.75,54.77,551.84,0.23
15-Oct-21,EEAST,800,89.63%,70.67%,279,24.65%,106,9.36%,65,5.74%,317.66,196.18,112.35,287.53,30.69,62.9,579.11,0.28
14-Oct-21,EEAST,923,86.47%,76.41%,376,31.13%,137,11.34%,69,5.71%,388.42,234.19,122.86,377.82,33.51,67.69,674.69,0.32
13-Oct-21,EEAST,893,85.80%,76.19%,371,31.66%,156,13.31%,80,6.83%,383.2,236.85,118.72,250.97,33.75,73.35,659.15,0.33
12-Oct-21,EEAST,851,83.59%,78.80%,396,36.67%,169,15.65%,91,8.43%,418.28,271.84,142.27,253.6,37.49,79.76,674.88,0.39
11-Oct-21,EEAST,848,84.02%,77.51%,387,35.37%,183,16.73%,112,10.24%,447.72,305.78,173.7,358.45,38.74,89.03,706.29,0.41
10-Oct-21,EEAST,842,88.62%,73.03%,310,26.89%,129,11.19%,86,7.46%,367.07,237.03,140.7,322.28,33.14,70.49,636.78,0.32
09-Oct-21,EEAST,770,85.78%,70.90%,301,27.72%,130,11.97%,76,7.00%,341.61,220.77,124.4,401.88,32.86,70.87,594.83,0.31
08-Oct-21,EEAST,858,83.07%,74.09%,351,30.31%,156,13.47%,104,8.98%,415.55,276.41,161.3,396.8,35.55,74.9,686.06,0.36
07-Oct-21,EEAST,868,85.43%,73.62%,381,32.32%,161,13.66%,107,9.08%,432.46,286.3,165.75,306.4,35.92,79.88,705.75,0.37
06-Oct-21,EEAST,766,82.22%,72.33%,323,30.50%,144,13.60%,77,7.27%,356.75,229.92,124.41,303.3,34.14,75.08,602.51,0.34
05-Oct-21,EEAST,792,81.48%,77.27%,394,38.44%,206,20.10%,136,13.27%,539.16,396.04,257.72,482.22,45.7,111.03,780.68,0.53
04-Oct-21,EEAST,807,80.42%,74.72%,401,37.13%,215,19.91%,143,13.24%,521.31,377.87,235.69,333.53,43.04,98.2,774.72,0.48
03-Oct-21,EEAST,869,88.08%,73.03%,272,22.86%,98,8.24%,57,4.79%,300.45,173.01,94.25,379.17,29.17,57.88,578.58,0.25
02-Oct-21,EEAST,840,88.65%,72.16%,308,26.46%,113,9.71%,63,5.41%,316.92,186.13,95.39,426.38,30.32,63.7,588.19,0.27
01-Oct-21,EEAST,815,86.73%,68.14%,257,21.49%,88,7.36%,39,3.26%,253.14,132.45,57.54,248.08,26.5,50.1,528.31,0.21
30-Sep-21,EEAST,874,88.99%,70.65%,279,22.55%,95,7.68%,44,3.56%,283.96,157.72,75.81,324.05,27.74,54.91,571.86,0.23
29-Sep-21,EEAST,839,88.12%,68.94%,318,26.13%,128,10.52%,61,5.01%,332.04,200.07,101.65,278.8,30.15,56.66,611.44,0.27
28-Sep-21,EEAST,849,88.44%,72.50%,349,29.80%,140,11.96%,73,6.23%,345.39,208.14,102.32,264.83,31.72,65.72,619.16,0.29
27-Sep-21,EEAST,909,87.25%,73.37%,347,28.01%,147,11.86%,81,6.54%,377.76,236.21,129.78,302.95,32.3,78.46,666.97,0.3
26-Sep-21,EEAST,832,89.08%,68.03%,248,20.28%,79,6.46%,41,3.35%,239.63,118.11,49.5,197.42,25.51,46.27,520.08,0.2
25-Sep-21,EEAST,857,90.35%,70.42%,223,18.32%,72,5.92%,35,2.88%,243.13,124.43,60.02,301.68,25.85,46.32,524.24,0.2
24-Sep-21,EEAST,876,89.23%,69.14%,306,24.15%,107,8.45%,51,4.03%,303.19,171.8,84.08,320.05,28.24,55.43,596.41,0.24
23-Sep-21,EEAST,916,92.36%,71.45%,280,21.84%,81,6.32%,28,2.18%,256.86,122.2,44.94,275.07,26,48.04,555.61,0.2
22-Sep-21,EEAST,820,88.62%,66.61%,286,23.23%,102,8.29%,48,3.90%,283.24,156.33,72.1,264.9,27.61,55.18,566.5,0.23
21-Sep-21,EEAST,806,84.46%,73.07%,301,27.29%,119,10.79%,61,5.53%,326.54,200.74,107.52,540.87,31.8,64.93,584.67,0.3
20-Sep-21,EEAST,914,84.98%,75.16%,336,27.63%,130,10.69%,56,4.61%,354.21,210.78,108.72,421.47,31.48,65.14,637.97,0.29
19-Sep-21,EEAST,812,87.76%,69.05%,274,23.30%,125,10.63%,81,6.89%,315.39,191.83,106.05,302.42,29.97,62.39,587.37,0.27
18-Sep-21,EEAST,868,88.40%,69.00%,303,24.09%,112,8.90%,54,4.29%,299.71,168.07,75.32,279.72,28.13,52.61,589.75,0.24
17-Sep-21,EEAST,877,87.21%,73.51%,340,28.50%,112,9.39%,51,4.27%,308.45,169.07,72.73,271.33,29.54,55.12,587.28,0.26
16-Sep-21,EEAST,888,86.67%,75.90%,320,27.35%,121,10.34%,53,4.53%,316.55,179.69,84.68,301.07,30.36,63.65,591.94,0.27
15-Sep-21,EEAST,923,87.44%,73.25%,369,29.29%,128,10.16%,63,5.00%,350.7,203.66,92.03,304.87,30.62,63.7,642.99,0.28
14-Sep-21,EEAST,899,88.41%,75.04%,377,31.47%,152,12.69%,85,7.10%,386.09,237.78,120.37,467,33.35,68.31,665.82,0.32
13-Sep-21,EEAST,837,79.11%,77.57%,439,40.69%,257,23.82%,175,16.22%,631.01,482.37,320.36,351.65,49.27,117.1,886.02,0.58
12-Sep-21,EEAST,813,81.52%,72.27%,332,29.51%,144,12.80%,86,7.64%,383.3,253.35,147.53,391.23,34.39,78.63,644.9,0.34
11-Sep-21,EEAST,815,86.25%,71.37%,309,27.06%,132,11.56%,64,5.60%,334.1,207.79,108.24,351.48,31.42,63.24,597.97,0.29
10-Sep-21,EEAST,854,84.63%,78.35%,401,36.79%,194,17.80%,104,9.54%,455.12,307.42,169.8,322.7,39.26,89.58,713.14,0.42
09-Sep-21,EEAST,812,84.52%,73.62%,412,37.35%,183,16.59%,99,8.98%,422.93,279.19,145.04,282,36.98,78.53,679.73,0.38
08-Sep-21,EEAST,882,86.24%,75.26%,465,39.68%,239,20.39%,154,13.14%,576.85,417.08,254.23,370.78,43.53,104.95,850.34,0.49
07-Sep-21,EEAST,854,85.61%,75.58%,386,34.16%,178,15.75%,96,8.50%,448.3,302.71,174.05,419.83,37.8,86.36,711.96,0.4
06-Sep-21,EEAST,820,81.51%,76.85%,419,39.27%,225,21.09%,139,13.03%,546,400.63,248.56,368.55,44.77,110.2,796.18,0.51
05-Sep-21,EEAST,777,87.95%,68.70%,311,27.50%,152,13.44%,86,7.60%,368.74,247.77,141.11,345.55,33.39,75.02,629.49,0.33
04-Sep-21,EEAST,781,89.65%,66.81%,269,23.01%,126,10.78%,78,6.67%,334.21,218.21,130.65,355.77,30.96,66.43,603.19,0.29
03-Sep-21,EEAST,818,86.93%,71.07%,358,31.10%,166,14.42%,101,8.77%,434.07,299.24,182.02,537.72,36.48,78.96,699.87,0.38
02-Sep-21,EEAST,813,88.60%,67.92%,297,24.81%,112,9.36%,60,5.01%,314.45,190.56,101,314.9,29.57,57.49,589.93,0.26
01-Sep-21,EEAST,799,85.58%,71.98%,361,32.52%,170,15.32%,92,8.29%,385.78,251.03,126.79,272.82,34.65,74.98,641.02,0.35
31-Aug-21,EEAST,851,86.66%,72.00%,370,31.30%,203,17.17%,138,11.68%,579,441.98,307.73,474.82,43.32,99.69,853.44,0.49
30-Aug-21,EEAST,843,92.97%,63.15%,216,16.18%,58,4.34%,26,1.95%,221.76,108.28,55.13,493.52,23.48,42.03,522.5,0.17
29-Aug-21,EEAST,881,94.46%,66.29%,234,17.61%,83,6.25%,41,3.09%,239.23,118.95,53.35,270.73,24.53,47.43,543.26,0.18
28-Aug-21,EEAST,891,91.68%,66.84%,243,18.23%,63,4.73%,23,1.73%,222.65,98.42,32.81,230.67,23.85,43.97,529.79,0.17
27-Aug-21,EEAST,839,91.80%,67.50%,277,22.28%,104,8.37%,45,3.62%,276.95,153.82,73.16,286.52,27.08,53.49,560.92,0.22
26-Aug-21,EEAST,852,90.13%,69.66%,292,23.88%,102,8.34%,55,4.50%,297.26,168.6,82.67,280.18,28.45,54.22,579.85,0.24
25-Aug-21,EEAST,800,87.53%,68.26%,290,24.74%,114,9.73%,52,4.44%,289.54,170.05,80.95,255.72,28.6,59.53,558.64,0.25
24-Aug-21,EEAST,842,85.12%,73.22%,386,33.57%,151,13.13%,82,7.13%,391.84,248.75,129.72,328.33,34.37,75,658.83,0.34
23-Aug-21,EEAST,882,84.02%,73.56%,399,33.28%,205,17.10%,138,11.51%,489.52,340.08,203.33,267.97,38.49,88.9,769.13,0.41
22-Aug-21,EEAST,834,89.52%,69.21%,256,21.24%,87,7.22%,42,3.49%,262.43,145.2,72.89,408.27,26.88,52.94,539.88,0.22
21-Aug-21,EEAST,867,90.96%,70.03%,297,23.99%,111,8.97%,45,3.63%,279.65,150.43,59.87,206.78,27.42,53.01,565.71,0.23
20-Aug-21,EEAST,834,86.15%,69.50%,334,27.83%,134,11.17%,65,5.42%,322.57,192.44,87.52,256.55,30.07,61.37,601.47,0.27
19-Aug-21,EEAST,954,90.98%,74.47%,353,27.56%,128,9.99%,69,5.39%,356.28,208.05,99.16,279.83,30.7,70.21,655.47,0.28
18-Aug-21,EEAST,886,88.57%,70.60%,324,25.82%,130,10.36%,69,5.50%,339.02,200.24,99.7,378.68,30.11,61.4,629.81,0.27
17-Aug-21,EEAST,807,88.86%,67.93%,306,25.76%,127,10.69%,70,5.89%,332.29,207.66,111.24,266.28,30.5,64.8,603.85,0.28
16-Aug-21,EEAST,898,87.27%,74.83%,383,31.92%,163,13.58%,85,7.08%,389.35,239.21,117.1,296.62,33.56,70.25,671.23,0.32
15-Aug-21,EEAST,868,88.96%,70.40%,289,23.44%,107,8.68%,50,4.06%,293.24,164.66,78.89,263.82,28.13,56.29,577.98,0.24
14-Aug-21,EEAST,882,91.58%,69.34%,295,23.19%,99,7.78%,41,3.22%,285.97,156.53,71.33,414.53,27.33,55,579.5,0.22
13-Aug-21,EEAST,922,92.03%,71.31%,300,23.20%,116,8.97%,66,5.10%,316.06,177.47,88.54,194.38,28.66,55.84,617.55,0.24
12-Aug-21,EEAST,920,91.68%,69.54%,315,23.81%,117,8.84%,71,5.37%,336.92,199.84,109.58,326.48,29.1,59.47,641.57,0.25
11-Aug-21,EEAST,937,89.26%,75.14%,361,28.95%,174,13.95%,95,7.62%,415.12,266.71,148.14,325.32,34.04,72.85,707.5,0.33
10-Aug-21,EEAST,781,85.65%,68.51%,322,28.25%,154,13.51%,90,7.89%,377.39,253.19,144.23,322.38,33.59,71.71,638.3,0.33
09-Aug-21,EEAST,906,85.24%,76.91%,483,41.00%,243,20.63%,146,12.39%,592.08,428.11,259.86,364.55,44.26,108.25,868.98,0.5
08-Aug-21,EEAST,899,92.08%,69.05%,298,22.89%,103,7.91%,43,3.30%,272.98,140.87,56.82,263.85,26.34,51.47,571.6,0.21
07-Aug-21,EEAST,760,86.56%,66.67%,322,28.25%,135,11.84%,77,6.75%,356.34,230.72,126.37,368.5,32.45,70.26,616.5,0.31
06-Aug-21,EEAST,882,90.67%,70.90%,321,25.80%,145,11.66%,88,7.07%,380.73,248.42,142.47,314.58,32.26,69.03,668.83,0.31
05-Aug-21,EEAST,816,92.18%,65.33%,276,22.10%,88,7.05%,45,3.60%,257.33,138.24,60.3,233.47,26.07,53.74,542.74,0.21
04-Aug-21,EEAST,869,94.69%,65.00%,257,19.22%,78,5.83%,41,3.07%,241.18,119.63,51.72,308.3,24.46,45.15,545.16,0.18
03-Aug-21,EEAST,767,92.62%,59.92%,213,16.64%,60,4.69%,35,2.73%,220.08,113.86,57.49,318.88,23.78,45.89,507.31,0.17
02-Aug-21,EEAST,881,91.63%,67.05%,312,23.74%,109,8.30%,67,5.10%,320.69,185.02,95.6,344.1,28.33,56.47,620.4,0.24
01-Aug-21,EEAST,896,94.22%,65.45%,221,16.14%,72,5.26%,39,2.85%,242.63,122.17,59.64,321.17,24.39,49.47,556.46,0.18
31-Jul-21,EEAST,859,94.63%,62.47%,240,17.45%,64,4.65%,30,2.18%,217.91,100.89,33.93,181.28,23.16,42.76,530.77,0.16
30-Jul-21,EEAST,875,88.20%,69.28%,309,24.47%,108,8.55%,44,3.48%,289.46,157.83,67.66,226.48,27.55,55.81,580.02,0.23
29-Jul-21,EEAST,885,91.89%,66.74%,252,19.00%,81,6.11%,26,1.96%,248.1,125.59,58.7,294.28,24.93,46.73,551.02,0.19
28-Jul-21,EEAST,874,91.67%,69.64%,317,25.26%,105,8.37%,52,4.14%,310.51,173.07,82.84,315.77,28.66,57.46,599.4,0.25
27-Jul-21,EEAST,875,88.87%,73.04%,342,28.55%,166,13.86%,102,8.51%,417.17,277.94,163.88,373.95,34.95,76.52,697.84,0.35
26-Jul-21,EEAST,989,86.03%,77.21%,498,38.88%,263,20.53%,173,13.51%,624.88,450.71,275.52,320.97,43.44,99.1,927.39,0.49
25-Jul-21,EEAST,917,90.69%,68.69%,336,25.17%,134,10.04%,78,5.84%,362.12,223.1,121.42,241.63,30.1,65.1,669.69,0.27
24-Jul-21,EEAST,966,91.54%,71.98%,345,25.71%,126,9.39%,65,4.84%,338.63,189.8,90.23,217.07,29.15,55.03,651.93,0.25
23-Jul-21,EEAST,927,92.25%,68.92%,303,22.53%,97,7.21%,50,3.72%,303.71,171.31,85.92,387.22,27.34,51.24,612.81,0.23
22-Jul-21,EEAST,868,89.60%,69.00%,301,23.93%,106,8.43%,45,3.58%,288.63,160.08,71.73,265.92,27.53,55.37,577.28,0.23
21-Jul-21,EEAST,934,89.65%,69.55%,356,26.51%,155,11.54%,94,7.00%,413.17,268.39,155.68,346.98,32.35,70.14,724.12,0.31
20-Jul-21,EEAST,864,88.14%,70.02%,357,28.93%,148,11.99%,88,7.13%,427.22,289.01,173.74,507.78,34.61,71.74,711.85,0.35
19-Jul-21,EEAST,883,84.48%,69.04%,396,30.96%,189,14.78%,127,9.93%,486.81,343.11,206.41,477.55,36.65,81.33,781.29,0.38
18-Jul-21,EEAST,846,91.54%,62.07%,203,14.89%,67,4.92%,38,2.79%,232.65,120.16,60.32,258.3,23.85,44.43,541.88,0.17
17-Jul-21,EEAST,857,93.21%,61.79%,269,19.39%,80,5.77%,33,2.38%,257.6,135.65,57.93,356.93,24.67,49.65,570.23,0.19
16-Jul-21,EEAST,897,90.01%,67.29%,298,22.36%,113,8.48%,51,3.83%,297.95,167.29,73.79,228.7,27.18,53.32,603.74,0.22
15-Jul-21,EEAST,877,91.66%,64.91%,322,23.83%,132,9.77%,59,4.37%,317.46,185.26,83.02,252.18,27.8,52.58,626.04,0.23
14-Jul-21,EEAST,852,92.67%,62.42%,278,20.37%,88,6.45%,51,3.74%,281.86,160.94,81.08,464,25.97,51.98,590.84,0.21
13-Jul-21,EEAST,898,92.37%,69.29%,279,21.53%,78,6.02%,36,2.78%,274.29,146.06,73.09,369.23,26.59,52.85,574.29,0.21
12-Jul-21,EEAST,968,88.19%,67.18%,357,24.77%,160,11.10%,86,5.97%,415.66,269.29,153.79,353,31.01,68.28,744.86,0.29
11-Jul-21,EEAST,830,93.22%,60.98%,221,16.24%,56,4.11%,18,1.32%,194.86,83.07,21.33,194.4,22.04,39.17,500.04,0.14
10-Jul-21,EEAST,916,93.72%,68.15%,224,16.67%,45,3.35%,17,1.26%,203.16,77,24.55,196.87,22.81,40.36,511.02,0.15
09-Jul-21,EEAST,946,91.60%,67.24%,294,20.90%,94,6.68%,51,3.62%,303.01,166.12,84.66,250.03,26.83,52.35,629.09,0.22
08-Jul-21,EEAST,942,92.78%,62.63%,255,16.95%,58,3.86%,20,1.33%,218.4,91.26,28.57,213.08,22.18,43.28,555.94,0.15
07-Jul-21,EEAST,911,92.74%,65.45%,273,19.61%,83,5.96%,31,2.23%,250.25,119.78,45.02,226.25,24.51,45.67,568.7,0.18
06-Jul-21,EEAST,911,90.07%,67.88%,321,23.92%,155,11.55%,88,6.56%,352.33,216.73,107.46,187.48,29.52,58.04,660.25,0.26
05-Jul-21,EEAST,887,91.90%,64.09%,302,21.82%,116,8.38%,55,3.97%,320.8,189.08,94.72,297.08,27.44,53.76,633.06,0.23
04-Jul-21,EEAST,838,93.41%,63.58%,213,16.16%,74,5.61%,35,2.66%,228.68,115.53,53.5,276.05,24.08,44.05,528.86,0.17
03-Jul-21,EEAST,816,92.16%,62.53%,186,14.25%,45,3.45%,21,1.61%,184.49,82.11,34.59,298.98,22.06,39.29,479.82,0.14
02-Jul-21,EEAST,945,92.72%,65.08%,282,19.42%,104,7.16%,38,2.62%,278.76,145.37,60.81,270.42,25.22,51.1,610.24,0.19
01-Jul-21,EEAST,837,92.22%,62.46%,222,16.57%,69,5.15%,30,2.24%,222.67,111.37,46.33,215.15,23.55,43.16,525.85,0.17
30-Jun-21,EEAST,832,92.54%,61.49%,209,15.45%,45,3.33%,18,1.33%,191.62,80.7,29.96,246.73,21.98,39.17,495.54,0.14
29-Jun-21,EEAST,907,91.56%,66.35%,264,19.31%,82,6.00%,40,2.93%,263.33,136,66.65,243.45,25.33,50.18,577.12,0.19
28-Jun-21,EEAST,952,90.52%,70.73%,367,27.27%,145,10.77%,70,5.20%,363.26,214.04,98.74,216.28,30.11,60.64,675.47,0.27
27-Jun-21,EEAST,827,94.38%,60.01%,203,14.73%,44,3.19%,14,1.02%,188.91,83.4,36.84,329.3,21.79,40.57,500.4,0.14
26-Jun-21,EEAST,859,94.66%,62.16%,175,12.66%,26,1.88%,4,0.29%,148.04,43.46,7.99,155.32,20,32.87,460.65,0.11
25-Jun-21,EEAST,806,91.11%,60.01%,216,16.08%,65,4.84%,35,2.61%,235.56,127.5,69.08,265.07,24.1,46.02,539.38,0.18
24-Jun-21,EEAST,918,92.11%,64.97%,260,18.40%,45,3.18%,11,0.78%,198.98,73.84,14.58,148.73,22.08,39.49,519.89,0.14
23-Jun-21,EEAST,885,93.02%,62.06%,258,18.09%,68,4.77%,23,1.61%,216.66,92.8,29.84,151.27,22.64,40.36,537.96,0.15
22-Jun-21,EEAST,943,92.62%,68.98%,284,20.78%,89,6.51%,47,3.44%,281.25,148.09,69.42,264.9,26.16,50.69,595.99,0.21
21-Jun-21,EEAST,935,89.70%,64.66%,349,24.14%,142,9.82%,81,5.60%,366.68,223.42,112.32,254.13,28.95,59.97,697.77,0.25
20-Jun-21,EEAST,841,92.26%,59.82%,199,14.15%,53,3.77%,16,1.14%,181.87,72.88,22.54,265,21.19,37.34,496.51,0.13
19-Jun-21,EEAST,918,94.02%,64.20%,227,15.87%,67,4.69%,35,2.45%,225.1,99.21,39.35,192.72,23.13,42.68,551.24,0.16
18-Jun-21,EEAST,861,93.38%,61.68%,209,14.97%,69,4.94%,43,3.08%,222.66,110.57,53.16,209.62,23.21,43.58,540.08,0.16
17-Jun-21,EEAST,937,91.94%,63.70%,228,15.50%,46,3.13%,21,1.43%,196.66,75.91,25.33,194.7,21.61,38.66,529.87,0.13
16-Jun-21,EEAST,903,91.89%,63.77%,267,18.86%,61,4.31%,24,1.69%,237.28,108.82,44.15,225.47,23.73,45.48,560,0.17
15-Jun-21,EEAST,932,89.05%,69.87%,375,28.11%,150,11.24%,82,6.15%,389.22,242.63,124.84,307.67,31.26,65.09,694.99,0.29
14-Jun-21,EEAST,865,90.37%,64.03%,285,21.10%,120,8.88%,66,4.89%,316.31,193.07,101.91,307.22,27.65,56.82,622.62,0.23
13-Jun-21,EEAST,857,94.56%,59.39%,150,10.40%,44,3.05%,16,1.11%,162.35,63.41,25.15,267.77,20.12,33.44,484,0.11
12-Jun-21,EEAST,873,93.23%,60.92%,228,15.91%,73,5.09%,42,2.93%,229.23,113.31,52.1,219.42,23.14,42.8,552.67,0.16
11-Jun-21,EEAST,933,91.57%,65.11%,291,20.31%,108,7.54%,46,3.21%,290.32,156.46,68.43,221.88,25.89,48.99,618.43,0.2
10-Jun-21,EEAST,906,94.57%,62.66%,202,13.97%,41,2.84%,17,1.18%,186.09,65.94,18.53,128.8,21.34,37.58,514.38,0.13
09-Jun-21,EEAST,894,94.40%,63.09%,258,18.21%,82,5.79%,34,2.40%,243.29,118.95,47.35,182.33,23.72,45.42,560.1,0.17
08-Jun-21,EEAST,890,90.01%,66.77%,338,25.36%,133,9.98%,58,4.35%,326.42,189.95,83.5,312.07,28.49,57.13,633.03,0.24
07-Jun-21,EEAST,841,90.91%,63.23%,312,23.46%,130,9.77%,63,4.74%,320.17,194.01,97.53,357.47,28,57.12,620.64,0.24
06-Jun-21,EEAST,880,94.24%,63.31%,222,15.97%,68,4.89%,20,1.44%,205.13,88.82,28.41,166.95,22.48,39.81,520.72,0.15
05-Jun-21,EEAST,866,94.94%,61.51%,210,14.91%,47,3.34%,26,1.85%,194.8,84.28,31.41,200.53,21.69,38.34,509.08,0.14
04-Jun-21,EEAST,836,92.58%,60.40%,180,13.01%,53,3.83%,24,1.73%,183.06,78.72,29.27,156.83,21.39,37.91,493.35,0.13
03-Jun-21,EEAST,814,92.82%,60.52%,224,16.65%,72,5.35%,37,2.75%,210.84,101.66,41.89,229.25,22.76,41.7,510.3,0.16
02-Jun-21,EEAST,853,91.62%,62.95%,266,19.63%,107,7.90%,57,4.21%,282.11,165.41,82.47,238.63,26.17,50.08,590.99,0.21
01-Jun-21,EEAST,879,92.03%,61.38%,236,16.48%,97,6.77%,53,3.70%,265.39,150.91,74.48,314.25,24.71,49.31,589.76,0.19
31-May-21,EEAST,766,95.53%,55.11%,146,10.50%,35,2.52%,18,1.29%,145.52,55.03,21.95,174.28,19.54,33.5,452.79,0.1
30-May-21,EEAST,857,95.94%,58.46%,164,11.19%,23,1.57%,8,0.55%,145.79,41.87,8.89,137.1,19.38,31.81,473.41,0.1
29-May-21,EEAST,899,96.11%,61.74%,162,11.13%,30,2.06%,8,0.55%,157.48,46.46,12.04,141.75,20.01,32.93,485.62,0.11
28-May-21,EEAST,827,92.35%,57.59%,182,12.67%,31,2.16%,11,0.77%,156.23,54.27,14.39,144.05,19.8,32.76,473.97,0.11
27-May-21,EEAST,839,93.08%,58.26%,220,15.28%,95,6.60%,51,3.54%,252.12,139.56,67.94,179.12,23.79,48.09,570.91,0.18
26-May-21,EEAST,792,93.60%,60.83%,191,14.67%,31,2.38%,3,0.23%,155.01,54.27,6.98,119.18,20.56,35.02,446.21,0.12
25-May-21,EEAST,752,93.28%,60.21%,196,15.69%,53,4.24%,15,1.20%,176.19,76.91,22.6,213.32,21.88,38.4,455.55,0.14
24-May-21,EEAST,970,93.56%,64.84%,264,17.65%,97,6.48%,59,3.94%,291.86,161.19,84.75,276.67,25.36,50.77,632.2,0.2
23-May-21,EEAST,820,94.50%,59.68%,137,9.97%,29,2.11%,12,0.87%,140.84,46.2,17.23,182.55,19.59,33.39,448.62,0.1
22-May-21,EEAST,830,93.16%,59.20%,155,11.06%,23,1.64%,5,0.36%,136.7,38.14,6.86,113.88,19.33,31.25,451.69,0.1
21-May-21,EEAST,852,92.59%,63.11%,239,17.70%,76,5.63%,34,2.52%,222.9,109.75,45.97,218.65,23.49,41.17,528.63,0.17
20-May-21,EEAST,818,92.87%,60.41%,189,13.96%,58,4.28%,18,1.33%,188.02,85.17,32.35,252.17,21.87,37.94,493.55,0.14
19-May-21,EEAST,796,93.24%,58.32%,181,13.26%,40,2.93%,22,1.61%,166.27,67.45,28.11,196.4,20.81,37.49,473.42,0.12
18-May-21,EEAST,843,92.53%,61.85%,249,18.27%,79,5.80%,35,2.57%,222.61,109.93,40.63,168.78,23.45,42.46,532.65,0.16
17-May-21,EEAST,825,94.58%,58.35%,182,12.87%,48,3.39%,22,1.56%,182.56,80.13,34.05,220.37,21.12,38.02,497.64,0.13
16-May-21,EEAST,820,95.13%,59.08%,141,10.16%,30,2.16%,0,0.00%,132.2,37.47,5.14,84.68,19.25,31.16,445.34,0.1
15-May-21,EEAST,791,95.92%,58.03%,141,10.34%,15,1.10%,4,0.29%,129.02,34.11,5.44,145.4,19.13,31.2,434.53,0.09
14-May-21,EEAST,871,94.08%,60.19%,187,12.92%,61,4.22%,33,2.28%,219.24,110.71,61.26,310.28,22.59,42.6,544.81,0.15
13-May-21,EEAST,841,93.71%,60.07%,175,12.50%,41,2.93%,14,1.00%,164.93,62.89,19.65,192.45,20.53,35.75,479.13,0.12
12-May-21,EEAST,924,94.31%,65.53%,209,14.82%,56,3.97%,26,1.84%,229.55,109.87,55.79,344.02,23.54,44.85,553.2,0.16
11-May-21,EEAST,910,94.24%,65.47%,225,16.19%,58,4.17%,23,1.65%,213.13,94.77,35.3,260.25,22.99,41.58,532.66,0.15
10-May-21,EEAST,"1,000",93.07%,68.31%,314,21.45%,95,6.49%,29,1.98%,272.12,129.69,44.09,208.28,24.96,47.59,609.12,0.19
09-May-21,EEAST,902,95.35%,58.65%,190,12.35%,40,2.60%,18,1.17%,176.01,65.33,18.44,135.93,20.29,34.26,520.04,0.11
08-May-21,EEAST,857,95.07%,61.70%,178,12.81%,43,3.10%,20,1.44%,177,71.88,30.2,205.92,21.11,37.79,488.78,0.13
07-May-21,EEAST,892,94.26%,61.77%,180,12.47%,42,2.91%,11,0.76%,172.27,60.9,18.83,176.65,20.67,35.29,497.43,0.12
06-May-21,EEAST,914,93.99%,64.23%,188,13.21%,32,2.25%,5,0.35%,160.66,50.62,9.11,111.83,20.49,34.73,486.06,0.11
05-May-21,EEAST,842,94.70%,57.44%,170,11.60%,45,3.07%,17,1.16%,167.48,66.16,23.63,204.58,20.22,36.51,493.99,0.11
04-May-21,EEAST,902,92.90%,62.68%,240,16.68%,106,7.37%,62,4.31%,274.98,155.35,75.69,232.88,25.12,51.96,602.34,0.19
03-May-21,EEAST,750,95.20%,54.00%,107,7.70%,10,0.72%,3,0.22%,106.19,23.6,3.19,116.2,17.85,27.63,413.18,0.08
02-May-21,EEAST,805,96.33%,56.81%,121,8.54%,12,0.85%,3,0.21%,117.49,27.04,4.15,128.35,18.22,29.58,430.22,0.08
01-May-21,EEAST,847,94.20%,60.67%,134,9.60%,22,1.58%,3,0.21%,128.29,33.11,5.61,98.27,19.03,31.26,442.71,0.09
30-Apr-21,EEAST,826,92.88%,57.56%,175,12.20%,33,2.30%,18,1.25%,166.34,62.64,24.71,192.85,20.43,33.14,488.57,0.12
29-Apr-21,EEAST,794,92.90%,58.95%,172,12.77%,42,3.12%,9,0.67%,158.95,60.47,16.64,157.12,20.51,35.64,460.44,0.12
28-Apr-21,EEAST,882,93.56%,60.66%,169,11.62%,32,2.20%,17,1.17%,169.57,62.56,24.95,194.68,20.39,33.08,494.06,0.12
27-Apr-21,EEAST,862,93.87%,62.51%,172,12.47%,52,3.77%,25,1.81%,186.16,78.82,33.08,185.23,21.6,39.53,496.36,0.13
26-Apr-21,EEAST,887,94.38%,61.47%,221,15.32%,59,4.09%,19,1.32%,198.85,80.5,25.06,172.57,21.78,41.37,523.74,0.14
25-Apr-21,EEAST,723,96.29%,53.60%,65,4.82%,3,0.22%,0,0.00%,77.97,8.74,0.38,70.35,16.71,24.69,375.69,0.06
24-Apr-21,EEAST,798,94.74%,56.76%,76,5.41%,5,0.36%,1,0.07%,92.75,12.74,1.69,92.28,17.45,25.49,408.82,0.07
23-Apr-21,EEAST,849,93.13%,59.62%,158,11.10%,34,2.39%,11,0.77%,159.33,59.16,19.74,239.27,20.25,33.51,480.52,0.11
22-Apr-21,EEAST,811,95.24%,58.68%,149,10.78%,19,1.37%,4,0.29%,133.01,37.61,7.02,169.15,19.13,31.79,440.59,0.1
21-Apr-21,EEAST,831,94.59%,59.44%,188,13.45%,35,2.50%,7,0.50%,159,56.1,11.11,140.47,20.27,33.56,472.32,0.11
20-Apr-21,EEAST,831,95.15%,60.52%,224,16.31%,50,3.64%,20,1.46%,190.77,78.48,22,142.22,21.8,39.31,498.83,0.14
19-Apr-21,EEAST,915,94.12%,60.84%,207,13.76%,46,3.06%,15,1.00%,189.59,67.73,18.42,150.18,21.06,38.3,527.82,0.13
18-Apr-21,EEAST,738,95.53%,53.91%,103,7.52%,19,1.39%,4,0.29%,108.44,29.18,7.48,118.33,18,29.6,410.62,0.08
17-Apr-21,EEAST,732,96.86%,55.12%,95,7.15%,5,0.38%,1,0.08%,92.31,17.32,1.57,109.5,17.46,26.65,386.42,0.07
16-Apr-21,EEAST,804,94.42%,57.97%,130,9.37%,12,0.87%,0,0.00%,112.05,21.36,2.23,87.87,18.28,28.4,422.57,0.08
15-Apr-21,EEAST,795,94.58%,58.46%,157,11.54%,40,2.94%,16,1.18%,150.76,55.66,18.26,140.05,20.08,34.11,455.06,0.11
14-Apr-21,EEAST,865,93.65%,61.70%,189,13.48%,52,3.71%,21,1.50%,185.11,73.02,23.45,156.47,21.46,34.33,501.48,0.13
13-Apr-21,EEAST,892,92.80%,64.13%,243,17.47%,69,4.96%,28,2.01%,227.53,107.47,39.49,269.75,23.49,43.6,544.63,0.16
12-Apr-21,EEAST,776,93.53%,55.95%,164,11.82%,43,3.10%,13,0.94%,155.17,61.43,21.16,170.88,20.04,36.61,463.23,0.11
11-Apr-21,EEAST,711,96.40%,52.09%,96,7.03%,5,0.37%,1,0.07%,87.17,14.7,1.24,97.62,17.02,26.52,387.1,0.06
10-Apr-21,EEAST,688,95.54%,50.96%,84,6.22%,16,1.19%,6,0.44%,95.78,24.21,7.68,134.52,17.32,27.24,389.64,0.07
09-Apr-21,EEAST,865,93.05%,61.57%,220,15.66%,54,3.84%,24,1.71%,198.27,84.66,27.75,150.32,22.04,40.46,516.18,0.14
08-Apr-21,EEAST,838,95.27%,57.83%,142,9.80%,31,2.14%,1,0.07%,139.3,39.57,6.97,100.75,19.13,31.76,461.91,0.1
07-Apr-21,EEAST,812,95.88%,58.12%,136,9.74%,30,2.15%,13,0.93%,150.61,59.68,25.65,278.18,19.69,37.63,458.43,0.11
06-Apr-21,EEAST,750,95.76%,55.35%,154,11.37%,48,3.54%,25,1.85%,165.99,76.82,37.03,235.97,20.63,37.73,465.83,0.12
05-Apr-21,EEAST,773,95.59%,56.63%,112,8.21%,4,0.29%,0,0.00%,102.99,17.47,0.5,79.7,17.87,27.98,406.65,0.08
04-Apr-21,EEAST,762,96.29%,53.36%,111,7.77%,5,0.35%,0,0.00%,103.43,18.21,0.66,74.1,17.69,28.33,420.98,0.07
03-Apr-21,EEAST,837,96.30%,59.49%,130,9.24%,15,1.07%,3,0.21%,125.58,27.81,4.65,116.02,18.84,30.25,441.83,0.09
02-Apr-21,EEAST,764,95.93%,54.89%,80,5.75%,4,0.29%,0,0.00%,90.55,12.39,1.03,85.83,17.03,25.8,395.12,0.07
01-Apr-21,EEAST,880,94.01%,62.99%,226,16.18%,55,3.94%,17,1.22%,208.56,92.82,33.87,237.9,22.63,41.26,526.83,0.15
31-Mar-21,EEAST,906,93.63%,63.58%,197,13.82%,58,4.07%,22,1.54%,189.21,78.34,28.21,238.02,21.48,37.58,510.22,0.13
30-Mar-21,EEAST,928,93.03%,64.94%,194,13.58%,66,4.62%,35,2.45%,210.96,98.33,44.59,252.75,22.57,41.88,537.42,0.15
29-Mar-21,EEAST,847,94.08%,57.93%,234,16.01%,66,4.51%,40,2.74%,241.18,131.14,66.47,385.38,23.4,45.97,570.17,0.16
28-Mar-21,EEAST,678,95.65%,52.23%,90,6.93%,2,0.15%,0,0.00%,84.88,14.39,0.19,67.03,17.03,26.21,368.42,0.07
27-Mar-21,EEAST,750,96.62%,55.85%,83,6.18%,10,0.74%,0,0.00%,92.13,15.72,1.54,86.1,17.51,26.11,391.99,0.07
26-Mar-21,EEAST,806,95.01%,59.57%,148,10.94%,30,2.22%,14,1.03%,146.61,51.45,17.03,144.37,20.01,34.87,451.28,0.11
25-Mar-21,EEAST,836,93.74%,59.42%,190,13.50%,54,3.84%,35,2.49%,209.89,103.52,56.52,266.43,22.47,40.04,526.98,0.15
24-Mar-21,EEAST,802,92.48%,59.32%,183,13.54%,46,3.40%,21,1.55%,185.78,82.19,38.05,257.85,21.83,39.13,492.01,0.14
23-Mar-21,EEAST,842,94.28%,61.50%,177,12.93%,51,3.73%,26,1.90%,181.04,78.38,31.81,208.98,21.48,36.24,490.07,0.13
22-Mar-21,EEAST,781,94.25%,56.11%,155,11.14%,43,3.09%,22,1.58%,175.08,83.24,43.96,264.27,20.85,37.06,483.63,0.13
21-Mar-21,EEAST,703,95.96%,53.75%,95,7.26%,2,0.15%,0,0.00%,89.12,15.51,0.25,70.9,17.38,26.13,378.92,0.07
20-Mar-21,EEAST,734,96.15%,54.45%,91,6.75%,5,0.37%,1,0.07%,94.28,15.1,1.58,99.62,17.51,26.98,393.45,0.07
19-Mar-21,EEAST,852,94.56%,60.47%,177,12.56%,37,2.63%,13,0.92%,159.94,54.48,15.7,120.63,20.38,36.36,478.64,0.11
18-Mar-21,EEAST,772,93.53%,58.71%,165,12.55%,53,4.03%,37,2.81%,181.91,89.23,45.21,215.18,21.73,39.77,476.18,0.14
17-Mar-21,EEAST,798,95.13%,57.53%,156,11.25%,40,2.88%,18,1.30%,153.76,59.39,21.61,142.9,20,34.69,462.35,0.11
16-Mar-21,EEAST,834,93.91%,60.79%,190,13.85%,57,4.15%,17,1.24%,180.36,75.39,22.46,148,21.53,37.64,492.22,0.13
15-Mar-21,EEAST,901,93.66%,62.88%,267,18.63%,104,7.26%,38,2.65%,263.91,139.47,62.08,212.63,24.63,50.77,588.13,0.18
14-Mar-21,EEAST,672,96.89%,52.54%,69,5.39%,13,1.02%,4,0.31%,87.68,20.69,5.1,131.98,17.22,26.62,367.14,0.07
13-Mar-21,EEAST,683,94.68%,54.08%,66,5.23%,4,0.32%,0,0.00%,78.82,9.29,0.72,86.67,17.02,25.03,358.37,0.06
12-Mar-21,EEAST,902,94.87%,62.51%,187,12.96%,27,1.87%,7,0.49%,160.02,46.31,9.22,107.82,20.29,33.55,488.08,0.11
11-Mar-21,EEAST,804,95.04%,58.30%,143,10.37%,33,2.39%,14,1.02%,149.42,53.97,19.07,238.7,19.96,33.99,458.82,0.11
10-Mar-21,EEAST,730,95.85%,55.43%,93,7.06%,17,1.29%,1,0.08%,97.65,23.26,4.6,95.73,17.73,27.16,389.22,0.07
09-Mar-21,EEAST,761,94.94%,57.96%,140,10.66%,29,2.21%,12,0.91%,134.49,45.66,16.44,171.68,19.56,32.17,427.99,0.1
08-Mar-21,EEAST,876,93.80%,60.96%,205,14.27%,55,3.83%,23,1.60%,200.67,88.24,34.12,240.23,21.94,39.82,525.55,0.14
07-Mar-21,EEAST,643,95.57%,52.23%,58,4.71%,2,0.16%,0,0.00%,73.06,7.72,0.33,71.9,16.89,24.65,346.56,0.06
06-Mar-21,EEAST,728,96.33%,55.53%,98,7.48%,5,0.38%,0,0.00%,91.94,13.68,0.71,75.3,17.59,26.16,384.42,0.07
05-Mar-21,EEAST,762,95.53%,58.39%,101,7.74%,13,1.00%,2,0.15%,106.51,22.34,4.37,145.03,18.37,28.81,399.53,0.08
04-Mar-21,EEAST,754,94.95%,56.52%,122,9.15%,9,0.67%,2,0.15%,109.92,23.56,2.64,96.57,18.33,29,407.43,0.08
03-Mar-21,EEAST,755,94.96%,58.03%,129,9.92%,29,2.23%,5,0.38%,119.75,35.87,10.12,136.15,18.89,30.09,409.66,0.09
02-Mar-21,EEAST,764,95.07%,60.93%,123,9.81%,27,2.15%,11,0.88%,130.37,41.34,14.12,150.43,19.71,33.33,411.91,0.1
01-Mar-21,EEAST,740,94.29%,56.70%,116,8.89%,27,2.07%,12,0.92%,125.81,42.56,16.4,236.97,19.25,30.91,418.79,0.1
28-Feb-21,EEAST,625,96.99%,49.68%,72,5.72%,15,1.19%,0,0.00%,81.92,18.82,2.66,85.07,17.12,26.06,358.86,0.07
27-Feb-21,EEAST,627,95.57%,51.86%,62,5.13%,3,0.25%,1,0.08%,74.46,9.45,0.89,100.05,16.96,25.03,341.65,0.06
26-Feb-21,EEAST,701,95.04%,55.46%,152,12.03%,38,3.01%,16,1.27%,144.38,57,19.08,152.78,20.21,36,425.66,0.11
25-Feb-21,EEAST,740,94.81%,56.27%,155,11.79%,39,2.97%,12,0.91%,141.84,54.78,16.25,162.63,19.85,32.91,435.11,0.11
24-Feb-21,EEAST,744,95.85%,56.53%,152,11.55%,50,3.80%,21,1.60%,154.52,65.8,23.68,162.83,20.26,37.46,444.41,0.12
23-Feb-21,EEAST,777,93.69%,61.57%,197,15.61%,57,4.52%,23,1.82%,179.68,81.16,33.62,210.95,22.09,42.5,464.61,0.14
22-Feb-21,EEAST,840,92.80%,61.49%,213,15.59%,68,4.98%,32,2.34%,214.59,108.51,49.36,253.52,23.01,40.5,523.96,0.16
21-Feb-21,EEAST,739,94.74%,56.20%,82,6.24%,3,0.23%,0,0.00%,90.67,11.89,0.53,76.48,17.6,25.85,385.81,0.07
20-Feb-21,EEAST,825,95.26%,62.26%,97,7.32%,7,0.53%,1,0.08%,104.96,16.21,1.35,94.08,18.4,27.38,406.39,0.08
19-Feb-21,EEAST,918,95.12%,63.62%,212,14.69%,29,2.01%,6,0.42%,171.38,52.5,8.67,144.8,20.68,35.03,497.38,0.12
18-Feb-21,EEAST,846,95.14%,61.75%,162,11.82%,25,1.82%,5,0.36%,141.87,39.59,8.02,161.65,19.8,32.24,452.01,0.1
17-Feb-21,EEAST,866,95.16%,62.98%,151,10.98%,20,1.45%,5,0.36%,137.44,38.24,7.1,136.28,19.62,30.71,449.6,0.1
16-Feb-21,EEAST,861,94.56%,64.35%,167,12.48%,15,1.12%,5,0.37%,142.8,37.84,5.75,113.58,20.18,32.3,449.91,0.11
15-Feb-21,EEAST,863,93.87%,63.27%,209,15.32%,52,3.81%,29,2.13%,200.98,88.05,36.1,185.6,22.56,40.77,512.79,0.15
14-Feb-21,EEAST,694,96.17%,57.59%,68,5.64%,0,0.00%,0,0.00%,79.26,8.52,0,59.72,17.39,25.72,349.16,0.07
13-Feb-21,EEAST,707,96.17%,57.39%,69,5.60%,6,0.49%,0,0.00%,85.02,13.05,0.57,73.08,17.67,26.07,362.87,0.07
12-Feb-21,EEAST,856,94.93%,65.24%,138,10.52%,13,0.99%,1,0.08%,128.81,27.21,2.93,98.38,19.65,30.9,429.64,0.1
11-Feb-21,EEAST,759,95.25%,60.14%,128,10.14%,14,1.11%,7,0.55%,125.63,32.95,7.31,147.78,19.52,30.15,410.53,0.1
10-Feb-21,EEAST,907,93.64%,67.69%,165,12.31%,29,2.16%,16,1.19%,165.11,53.42,19.81,178.7,21.23,32.74,474.17,0.12
09-Feb-21,EEAST,829,94.02%,67.62%,146,11.91%,41,3.34%,16,1.31%,158.37,57.19,18.77,128.87,21.51,34.67,439.58,0.13
08-Feb-21,EEAST,817,92.45%,62.37%,164,12.52%,50,3.82%,31,2.37%,188.93,87.83,46.72,324.12,22.26,39.93,486.07,0.14
07-Feb-21,EEAST,662,95.63%,54.04%,72,5.88%,3,0.24%,1,0.08%,81.7,11.19,1.29,98.2,17.39,25.8,355.11,0.07
06-Feb-21,EEAST,765,95.59%,60.81%,144,11.45%,25,1.99%,5,0.40%,130.15,36.6,7.91,131.92,19.66,30.45,412.26,0.1
05-Feb-21,EEAST,876,94.96%,65.47%,176,13.15%,39,2.91%,11,0.82%,170.99,57.37,15.17,182.68,21.39,35.08,477.03,0.13
04-Feb-21,EEAST,867,95.20%,68.38%,194,15.30%,49,3.86%,12,0.95%,188.51,71.71,23.82,186.13,22.77,37.63,481.18,0.15
03-Feb-21,EEAST,881,93.41%,65.45%,230,17.09%,85,6.32%,44,3.27%,242.96,126.22,58.88,338.98,24.61,42.53,552.18,0.18
02-Feb-21,EEAST,874,91.25%,68.17%,218,17.00%,79,6.16%,41,3.20%,234.72,118.18,57.45,312.77,24.85,45.4,531.02,0.18
01-Feb-21,EEAST,915,94.76%,69.32%,240,18.18%,94,7.12%,53,4.02%,278.15,153.83,82.86,319.52,26.35,50.98,579.81,0.21
31-Jan-21,EEAST,869,95.65%,67.00%,190,14.65%,57,4.39%,27,2.08%,189.35,79.7,31.15,163.7,22.53,39.64,486.99,0.15
30-Jan-21,EEAST,888,95.00%,66.72%,163,12.25%,33,2.48%,9,0.68%,157.12,46.67,12.58,160,20.83,33.23,462.13,0.12
29-Jan-21,EEAST,867,92.85%,66.13%,228,17.39%,72,5.49%,32,2.44%,228.42,110.49,44.45,178.73,24.23,46.37,529.42,0.17
28-Jan-21,EEAST,910,92.18%,68.32%,247,18.54%,77,5.78%,25,1.88%,231.51,106.05,36.49,250.4,24.36,43.95,540.77,0.17
27-Jan-21,EEAST,931,93.96%,70.42%,260,19.67%,82,6.20%,40,3.03%,257.49,126.02,60.54,262.9,25.54,48.13,562.64,0.19
26-Jan-21,EEAST,867,94.20%,70.20%,246,19.92%,82,6.64%,41,3.32%,258.94,134.33,61.99,263.7,26.44,47.93,544.22,0.21
25-Jan-21,EEAST,974,91.39%,72.80%,299,22.35%,82,6.13%,38,2.84%,276.18,134.77,57.19,302.78,26.33,50.34,587.12,0.21
24-Jan-21,EEAST,842,95.90%,66.72%,140,11.09%,6,0.48%,2,0.16%,131.08,27.24,3.73,202.85,19.83,30.17,417.17,0.1
23-Jan-21,EEAST,834,94.08%,69.97%,186,15.60%,70,5.87%,42,3.52%,224.27,117.28,62.51,227.2,25.22,45.26,501.1,0.19
22-Jan-21,EEAST,853,92.54%,68.79%,258,20.81%,86,6.94%,35,2.82%,252.5,132.6,58.34,313.28,26.08,49.05,538.93,0.2
21-Jan-21,EEAST,870,92.74%,69.49%,216,17.25%,64,5.11%,29,2.32%,225.25,103.21,45.56,428.3,24.61,44.04,513.6,0.18
20-Jan-21,EEAST,901,90.97%,69.36%,297,22.86%,120,9.24%,66,5.08%,312.98,181.27,91.68,297.27,28.23,56.35,611.19,0.24
19-Jan-21,EEAST,914,91.73%,73.53%,256,20.60%,77,6.19%,32,2.57%,255.42,127.86,58.65,294.25,26.35,50.79,545.87,0.21
18-Jan-21,EEAST,911,92.15%,70.51%,300,23.22%,96,7.43%,49,3.79%,298.4,162.76,77.6,232.32,27.64,51.66,595.17,0.23
17-Jan-21,EEAST,833,94.70%,69.59%,192,16.04%,46,3.84%,18,1.50%,193.21,80.95,34.16,322.83,23.55,41.83,469.91,0.16
16-Jan-21,EEAST,804,93.13%,67.45%,193,16.19%,51,4.28%,18,1.51%,183.53,78.53,26.12,184.22,22.99,39.05,456.82,0.15
15-Jan-21,EEAST,794,91.96%,67.40%,155,13.16%,40,3.40%,17,1.44%,165.77,66.59,27.6,269.03,22.25,37.01,436.89,0.14
14-Jan-21,EEAST,898,91.86%,75.78%,275,23.21%,77,6.50%,35,2.95%,259.07,127.63,50.9,190.02,27.2,48.12,537.11,0.22
13-Jan-21,EEAST,847,88.87%,73.14%,240,20.73%,93,8.03%,54,4.66%,255.52,137.5,65.42,206.8,27.35,56.58,527.92,0.22
12-Jan-21,EEAST,885,91.59%,72.60%,306,25.10%,136,11.16%,74,6.07%,341.03,206.82,107.74,387.62,30.84,58.9,626.47,0.28
11-Jan-21,EEAST,899,89.43%,75.93%,335,28.29%,125,10.56%,75,6.33%,351.3,211.89,111.04,330.08,31.9,68.06,629.52,0.3
10-Jan-21,EEAST,774,92.36%,64.72%,153,12.79%,36,3.01%,15,1.25%,158.42,62.13,25.43,233.67,21.65,34.13,431.62,0.13
09-Jan-21,EEAST,867,91.15%,73.23%,250,21.11%,70,5.91%,28,2.36%,222.1,96.98,35.76,164.6,25.23,45.37,497.8,0.19
08-Jan-21,EEAST,962,91.91%,74.23%,311,24.00%,124,9.57%,67,5.17%,343.3,200.38,108.95,293.77,29.9,60.78,645.83,0.26
07-Jan-21,EEAST,875,89.20%,73.04%,345,28.80%,165,13.77%,105,8.76%,443.75,300.99,184.35,422.9,36.28,82.71,724.3,0.37
06-Jan-21,EEAST,901,90.13%,73.07%,319,25.87%,172,13.95%,109,8.84%,426.81,287.75,175.6,438.78,34.73,81.5,713.7,0.35
05-Jan-21,EEAST,849,89.16%,74.28%,333,29.13%,161,14.09%,109,9.54%,436.13,302.15,192.28,358.88,36.86,85.93,702.15,0.38
04-Jan-21,EEAST,910,88.63%,73.45%,336,27.12%,157,12.67%,107,8.64%,468.13,327.5,220.21,461.43,36.81,86.72,760.1,0.38
03-Jan-21,EEAST,890,91.75%,70.80%,242,19.25%,101,8.04%,62,4.93%,308.99,184.11,108.37,411.37,28.62,49.74,599.62,0.25
02-Jan-21,EEAST,854,91.59%,67.56%,263,20.81%,113,8.94%,73,5.78%,316.94,194.83,114.77,281.87,28.82,57.56,607.24,0.25
01-Jan-21,EEAST,"1,015",91.50%,74.25%,312,22.82%,93,6.80%,38,2.78%,291.83,143.34,60.13,252.33,26.8,47.51,610.7,0.21
31-Dec-20,EEAST,887,88.96%,70.56%,294,23.39%,129,10.26%,84,6.68%,355.16,222.71,129.96,303.33,30.86,62.81,646.6,0.28
30-Dec-20,EEAST,906,89.65%,74.20%,338,27.68%,160,13.10%,95,7.78%,396.47,253.64,139.03,279.5,33.46,73.95,680.92,0.32
29-Dec-20,EEAST,915,87.71%,74.51%,329,26.79%,159,12.95%,107,8.71%,461.9,324.19,213.74,471.37,36.63,80.41,749.63,0.38
28-Dec-20,EEAST,909,87.34%,74.02%,383,31.19%,201,16.37%,130,10.59%,526.95,376.94,246.85,456.43,39.72,98.06,813.02,0.43
27-Dec-20,EEAST,937,90.14%,73.20%,361,28.20%,166,12.97%,104,8.13%,445.34,298.97,181.81,383.42,34.85,76.72,743.46,0.35
26-Dec-20,EEAST,928,90.79%,72.96%,296,23.27%,123,9.67%,84,6.60%,350.27,219.55,127.93,318.7,30.57,66.93,647.99,0.28
25-Dec-20,EEAST,788,94.52%,62.59%,142,11.28%,19,1.51%,9,0.71%,134.77,37.72,10.05,140.7,20.04,31.92,420.44,0.11
24-Dec-20,EEAST,777,91.24%,67.86%,185,16.16%,64,5.59%,38,3.32%,214.25,111.76,60.76,286.32,24.96,45.29,476.31,0.19
23-Dec-20,EEAST,835,92.24%,66.91%,211,16.91%,89,7.13%,54,4.33%,246.12,137.35,72.83,283.05,25.77,50.73,536.09,0.2
22-Dec-20,EEAST,784,93.16%,61.93%,200,15.80%,63,4.98%,24,1.90%,190.81,91.44,35.45,239.52,22.48,42.29,474.37,0.15
21-Dec-20,EEAST,866,91.61%,65.56%,260,19.68%,88,6.66%,49,3.71%,268.38,145.71,75.94,335.97,25.92,53.38,570.56,0.2
20-Dec-20,EEAST,797,94.99%,65.70%,168,13.85%,47,3.87%,12,0.99%,161.16,63.52,20.45,172.2,21.63,40.01,437.34,0.13
19-Dec-20,EEAST,889,91.56%,68.86%,252,19.52%,82,6.35%,44,3.41%,256,136.05,63.73,219.87,25.74,49.31,553.78,0.2
18-Dec-20,EEAST,934,88.92%,71.85%,360,27.69%,148,11.38%,81,6.23%,412.21,266.68,151.28,352.52,32.96,69.77,714.08,0.32
17-Dec-20,EEAST,915,91.20%,71.82%,343,26.92%,162,12.72%,112,8.79%,427.54,290.34,180.53,405.18,34.13,75.86,724.6,0.34
16-Dec-20,EEAST,890,91.50%,69.48%,360,28.10%,172,13.43%,106,8.27%,438.5,298.43,172.71,444.87,34.47,78.5,735.89,0.34
15-Dec-20,EEAST,970,90.65%,72.99%,405,30.47%,191,14.37%,111,8.35%,451.83,293.87,156.79,280.67,34.36,68.06,761.02,0.34
14-Dec-20,EEAST,935,90.44%,70.57%,341,25.74%,151,11.40%,96,7.25%,411.4,268.61,160.59,339.18,32.52,66.53,718.08,0.31
13-Dec-20,EEAST,879,92.72%,69.05%,232,18.22%,55,4.32%,29,2.28%,211.99,91.8,35.23,243.68,23.86,41.84,506.27,0.17
12-Dec-20,EEAST,882,91.22%,69.56%,270,21.29%,108,8.52%,71,5.60%,335.24,207.11,124.62,338.6,29.85,63.17,630.87,0.26
11-Dec-20,EEAST,"1,010",86.80%,74.93%,422,31.31%,184,13.65%,117,8.68%,519.69,354.38,220.54,456.35,37.21,74.67,836.04,0.39
10-Dec-20,EEAST,961,89.60%,71.50%,359,26.71%,176,13.10%,101,7.51%,427.83,280.34,157.05,297.88,33.01,73.91,739.51,0.32
09-Dec-20,EEAST,932,89.34%,69.50%,312,23.27%,127,9.47%,79,5.89%,355.55,218.42,125.01,301.63,29.83,62.12,666.78,0.27
08-Dec-20,EEAST,854,91.94%,68.70%,296,23.81%,120,9.65%,65,5.23%,340.54,210.65,117.19,349.68,30.28,64.46,627.23,0.27
07-Dec-20,EEAST,959,87.65%,74.23%,358,27.71%,138,10.68%,82,6.35%,400.41,248.86,138.78,496.27,32.65,71.04,703.12,0.31
06-Dec-20,EEAST,832,92.61%,64.50%,216,16.74%,77,5.97%,37,2.87%,236.61,126.86,61.97,293.37,24.68,47.94,530.59,0.18
05-Dec-20,EEAST,868,93.27%,66.62%,237,18.19%,85,6.52%,34,2.61%,239.09,123.56,56.88,318.12,24.86,48.92,539.92,0.18
04-Dec-20,EEAST,961,91.99%,68.59%,294,20.99%,107,7.64%,52,3.71%,309.27,170.55,85.57,220.47,27.04,54.31,631.48,0.22
03-Dec-20,EEAST,890,91.08%,65.01%,230,16.80%,71,5.19%,31,2.26%,221.38,102.57,38.75,211.42,23.39,41.83,533.59,0.16
02-Dec-20,EEAST,866,93.33%,64.48%,217,16.16%,64,4.77%,27,2.01%,213.07,97.2,39.61,212.27,23.15,43.52,518.21,0.16
01-Dec-20,EEAST,838,94.60%,65.57%,190,14.87%,61,4.77%,33,2.58%,212.51,100.4,50.81,233.05,23.54,45.75,501.39,0.17
30-Nov-20,EEAST,854,94.73%,63.35%,248,18.40%,77,5.71%,41,3.04%,246.25,130.56,61.42,281.38,24.46,48.85,549.54,0.18
29-Nov-20,EEAST,732,94.96%,57.14%,79,6.17%,11,0.86%,2,0.16%,96.9,18.94,3.23,125.52,18,26.7,384.21,0.08
28-Nov-20,EEAST,743,93.06%,59.58%,100,8.02%,11,0.88%,1,0.08%,102.21,22.74,2.81,138.87,18.35,29.17,381.39,0.08
27-Nov-20,EEAST,819,93.94%,62.90%,176,13.52%,44,3.38%,15,1.15%,165.26,61.59,18.01,132.92,21.1,36.57,457.95,0.13
26-Nov-20,EEAST,798,91.66%,60.50%,179,13.57%,52,3.94%,25,1.90%,184.06,83.79,38,216.9,21.82,40.72,479.75,0.14
25-Nov-20,EEAST,734,93.61%,58.30%,146,11.60%,50,3.97%,24,1.91%,161.06,71.89,31.23,175,21.23,37.36,445.58,0.13
24-Nov-20,EEAST,908,92.50%,69.42%,235,17.97%,70,5.35%,24,1.83%,222.07,96.8,34.64,167.18,24.04,44,524.01,0.17
23-Nov-20,EEAST,913,92.32%,66.59%,283,20.64%,90,6.56%,45,3.28%,264.39,136.11,53.86,263.82,25.17,50.07,575.2,0.19
22-Nov-20,EEAST,714,96.17%,58.10%,109,8.87%,20,1.63%,5,0.41%,114.88,34.43,10.68,171.02,18.94,32.8,387.95,0.09
21-Nov-20,EEAST,724,94.29%,57.69%,124,9.88%,32,2.55%,11,0.88%,132.86,43.58,13.62,166.68,19.56,32.13,409.16,0.11
20-Nov-20,EEAST,766,92.91%,59.61%,186,14.47%,56,4.36%,16,1.25%,177.22,78.75,26.33,193.75,21.6,39.62,462.57,0.14
19-Nov-20,EEAST,771,94.14%,60.80%,173,13.64%,33,2.60%,18,1.42%,158.28,62.88,23.82,190.72,21.02,34.78,444.32,0.12
18-Nov-20,EEAST,816,94.24%,61.58%,227,17.13%,58,4.38%,28,2.11%,200.67,91.59,33.33,226.27,22.64,40.96,500.06,0.15
17-Nov-20,EEAST,859,94.06%,63.07%,184,13.51%,37,2.72%,15,1.10%,174.51,64.36,23.46,278.25,21.18,35.69,480.77,0.13
16-Nov-20,EEAST,909,94.05%,65.40%,245,17.63%,92,6.62%,47,3.38%,256.14,134.37,65.08,323.75,24.78,48.3,573.99,0.18
15-Nov-20,EEAST,774,96.07%,59.81%,123,9.51%,19,1.47%,6,0.46%,121.07,32.04,8.06,142.55,19.17,30.5,413.37,0.09
14-Nov-20,EEAST,743,95.70%,57.55%,124,9.60%,14,1.08%,4,0.31%,114.56,28.54,6.1,113.23,18.72,29.74,402.83,0.09
13-Nov-20,EEAST,807,93.41%,60.54%,205,15.38%,57,4.28%,26,1.95%,201.23,93.23,38.96,220.63,22.53,39.46,500.57,0.15
12-Nov-20,EEAST,897,93.28%,65.96%,250,18.38%,76,5.59%,35,2.57%,232.15,113.25,44.11,201.95,24,46.25,544,0.17
11-Nov-20,EEAST,876,91.77%,66.57%,240,18.24%,83,6.31%,51,3.88%,251.43,133.74,67.86,266.42,25.2,48.65,552.74,0.19
10-Nov-20,EEAST,850,94.65%,64.05%,262,19.74%,100,7.54%,44,3.32%,264.64,141.7,64.75,244.68,25.57,51.38,565.57,0.2
09-Nov-20,EEAST,963,93.02%,66.92%,291,20.22%,98,6.81%,52,3.61%,295.69,159.38,75.87,250.83,26.06,53.98,625.03,0.21
08-Nov-20,EEAST,728,95.84%,58.57%,120,9.65%,25,2.01%,9,0.72%,120.77,36.28,13.23,186.55,19.2,32.52,397.69,0.1
07-Nov-20,EEAST,812,95.09%,61.61%,142,10.77%,15,1.14%,6,0.46%,130.01,34.18,8.71,194.85,19.43,30.4,426.87,0.1
06-Nov-20,EEAST,834,94.41%,62.52%,178,13.34%,18,1.35%,7,0.52%,149.18,42.24,8.75,186.47,20.26,33.43,450.56,0.11
05-Nov-20,EEAST,751,95.24%,59.60%,147,11.67%,23,1.83%,7,0.56%,134.29,42.87,11.91,204.33,19.73,33.59,414.4,0.11
04-Nov-20,EEAST,748,95.51%,58.62%,130,10.19%,37,2.90%,16,1.25%,138.22,51.28,17.54,149.1,19.88,34.08,422.84,0.11
03-Nov-20,EEAST,741,94.64%,60.00%,151,12.23%,45,3.64%,20,1.62%,155.74,65.82,26.29,218.5,20.94,36.47,431.06,0.13
02-Nov-20,EEAST,850,92.30%,66.25%,252,19.64%,89,6.94%,51,3.98%,260.71,142.74,70.63,280.77,25.86,52.78,552.99,0.2
01-Nov-20,EEAST,785,94.15%,63.36%,129,10.41%,26,2.10%,14,1.13%,150.06,58.8,31.89,437.27,20.9,34.75,431.54,0.12
31-Oct-20,EEAST,750,92.94%,61.22%,166,13.55%,51,4.16%,28,2.29%,183.39,85.88,40.02,221.58,22.56,37.64,460.69,0.15
30-Oct-20,EEAST,850,93.15%,63.81%,227,17.04%,91,6.83%,66,4.95%,290.74,176.63,107.85,284.98,26.64,46.01,591.51,0.22
29-Oct-20,EEAST,820,93.33%,61.06%,178,13.25%,55,4.10%,28,2.08%,196.12,93.24,49.2,392.45,22.38,48.57,501.01,0.15
28-Oct-20,EEAST,818,95.19%,63.61%,230,17.88%,50,3.89%,16,1.24%,191.78,80.19,24.14,178.05,22.47,42.84,481.57,0.15
27-Oct-20,EEAST,856,92.23%,68.64%,245,19.65%,76,6.09%,41,3.29%,232.53,116.66,48.68,230.92,24.9,52.62,517.48,0.19
26-Oct-20,EEAST,870,91.49%,64.78%,190,14.15%,36,2.68%,14,1.04%,188.33,75.18,30.3,284.33,22.15,44.61,495.69,0.14
25-Oct-20,EEAST,775,94.67%,56.65%,104,7.60%,19,1.39%,11,0.80%,125.53,43.28,21.03,348.88,18.53,36.01,422.46,0.09
24-Oct-20,EEAST,777,96.00%,57.77%,145,10.78%,31,2.30%,17,1.26%,153.64,61.19,27.86,350.25,20.21,37.09,453.04,0.11
23-Oct-20,EEAST,875,92.95%,63.82%,279,20.35%,67,4.89%,36,2.63%,248.07,120.19,55.38,268.95,24.44,48.09,558.52,0.18
22-Oct-20,EEAST,894,93.39%,63.95%,253,18.10%,76,5.44%,25,1.79%,222.85,99.2,30.32,146.05,23.23,42.14,541.33,0.16
21-Oct-20,EEAST,883,93.79%,63.57%,205,14.76%,47,3.38%,22,1.58%,197.22,83.13,30.69,199.23,22.1,49.09,511.56,0.14
20-Oct-20,EEAST,871,92.98%,64.52%,239,17.70%,78,5.78%,33,2.44%,230.62,109.98,41.94,187.92,23.84,46.02,536.45,0.17
19-Oct-20,EEAST,947,90.46%,67.02%,319,22.58%,116,8.21%,58,4.10%,305.56,167.32,72.3,209.18,26.77,49.71,630.34,0.22
18-Oct-20,EEAST,764,94.76%,55.56%,87,6.33%,8,0.58%,5,0.36%,97.18,19.44,5.24,124.18,17.53,27.47,401.75,0.07
17-Oct-20,EEAST,698,94.42%,55.71%,110,8.78%,27,2.15%,16,1.28%,123.52,47.06,21.83,177.62,19.33,33.36,403.67,0.1
16-Oct-20,EEAST,863,93.57%,61.78%,195,13.96%,41,2.93%,12,0.86%,171.2,61.16,16.31,151.43,20.82,35.18,484.77,0.12
15-Oct-20,EEAST,924,94.45%,67.01%,210,15.23%,33,2.39%,11,0.80%,180.48,58.68,16.28,225.37,21.59,35.03,496.28,0.13
14-Oct-20,EEAST,700,93.75%,53.64%,139,10.65%,30,2.30%,6,0.46%,125.72,42.63,10.29,208.73,19.03,34.51,413.99,0.1
13-Oct-20,EEAST,819,94.20%,62.28%,138,10.49%,24,1.83%,9,0.68%,141.54,46.25,17.8,205.77,19.99,39.28,438.13,0.11
12-Oct-20,EEAST,863,93.16%,60.95%,272,19.21%,67,4.73%,19,1.34%,214.72,91.88,25.68,147.35,22.66,37.77,534.67,0.15
11-Oct-20,EEAST,737,92.44%,57.99%,135,10.62%,14,1.10%,4,0.31%,123.21,33.54,7.48,150.77,19.2,32.84,406.69,0.1
10-Oct-20,EEAST,753,94.84%,56.96%,93,7.03%,9,0.68%,2,0.15%,101.61,17.94,1.96,92.42,17.97,27.13,395.89,0.08
09-Oct-20,EEAST,786,93.72%,57.84%,142,10.45%,22,1.62%,16,1.18%,134.18,41.73,14,146.12,19.4,32.3,439.43,0.1
08-Oct-20,EEAST,840,93.42%,61.63%,234,17.17%,52,3.82%,19,1.39%,202.62,85.27,28.52,220.05,22.54,40.7,512.05,0.15
07-Oct-20,EEAST,811,92.66%,60.07%,204,15.11%,44,3.26%,19,1.41%,183.53,73.27,23.17,169.07,21.59,38.7,485.72,0.14
06-Oct-20,EEAST,773,88.15%,67.04%,262,22.72%,87,7.55%,35,3.04%,233.93,122.16,44.06,208.92,25.9,48.79,497.78,0.2
05-Oct-20,EEAST,937,91.11%,67.26%,288,20.67%,115,8.26%,75,5.38%,338.72,205.37,115.26,264.4,28.34,59.24,657.89,0.24
04-Oct-20,EEAST,775,95.61%,57.41%,135,10.00%,12,0.89%,0,0.00%,115.86,26.05,2.5,88.28,18.54,31.49,417.19,0.09
03-Oct-20,EEAST,740,92.89%,57.19%,100,7.73%,2,0.15%,0,0.00%,92.03,12.23,0.2,149.63,17.67,29.68,380.99,0.07
02-Oct-20,EEAST,787,91.86%,58.60%,191,14.22%,17,1.27%,3,0.22%,140.77,38.59,4.18,96.12,19.72,36.89,441.4,0.1
01-Oct-20,EEAST,801,93.72%,59.60%,207,15.40%,42,3.13%,8,0.60%,161.7,60.53,12.26,128.43,20.68,34.07,463.17,0.12
30-Sep-20,EEAST,771,93.63%,58.28%,143,10.81%,26,1.97%,4,0.30%,128.67,39.66,9.11,181.33,19.33,32.77,426.31,0.1
29-Sep-20,EEAST,715,93.00%,56.61%,142,11.24%,31,2.45%,11,0.87%,131.01,44.67,13.6,129.43,19.53,33.91,411.11,0.1
28-Sep-20,EEAST,853,93.74%,62.63%,187,13.73%,40,2.94%,16,1.17%,171.63,63.34,20.25,152.45,21.1,37.27,478.98,0.13
27-Sep-20,EEAST,682,94.33%,55.40%,103,8.37%,7,0.57%,1,0.08%,91.05,18.91,2.32,91.7,17.82,28.93,365.57,0.07
26-Sep-20,EEAST,785,95.09%,59.56%,128,9.71%,10,0.76%,0,0.00%,113.73,23.11,2.31,88.35,18.58,29.88,408.18,0.09
25-Sep-20,EEAST,728,94.39%,55.49%,142,10.82%,20,1.52%,2,0.15%,119.46,32.03,6.03,113.45,18.86,30.6,412.46,0.09
24-Sep-20,EEAST,758,93.15%,59.27%,139,10.87%,21,1.64%,10,0.78%,128.54,40.38,11.44,178,19.38,32.07,413.13,0.1
23-Sep-20,EEAST,863,95.11%,63.41%,173,12.71%,25,1.84%,8,0.59%,151.14,46.01,11.89,180.33,20.3,33.07,460.57,0.11
22-Sep-20,EEAST,823,90.53%,62.82%,217,16.56%,38,2.90%,21,1.60%,188.48,75.52,25.81,183.45,22.18,40.04,484.22,0.14
21-Sep-20,EEAST,818,90.31%,60.15%,211,15.51%,37,2.72%,24,1.76%,185.86,76.32,29.42,254.83,21.69,38.36,491.54,0.14
20-Sep-20,EEAST,724,92.44%,57.46%,133,10.56%,30,2.38%,13,1.03%,137.65,50.75,22.43,235.37,19.9,36.18,417.89,0.11
19-Sep-20,EEAST,751,91.43%,60.66%,137,11.07%,29,2.34%,12,0.97%,134.51,45.1,14.91,165.42,20.09,32.67,414.58,0.11
18-Sep-20,EEAST,855,92.97%,62.18%,184,13.38%,36,2.62%,9,0.65%,166.98,58.85,15.87,185.4,20.85,36.38,477.74,0.12
17-Sep-20,EEAST,821,93.85%,62.58%,184,14.02%,32,2.44%,10,0.76%,159.94,56.48,14.25,157.72,20.87,36.72,456.44,0.12
16-Sep-20,EEAST,903,93.45%,65.20%,202,14.58%,30,2.17%,19,1.37%,196.59,78.22,37.95,303.92,22.32,38.06,515.31,0.14
15-Sep-20,EEAST,890,91.10%,66.37%,209,15.59%,41,3.06%,15,1.12%,185.16,68.49,20.5,205.15,21.97,37.35,491.04,0.14
14-Sep-20,EEAST,895,90.40%,65.52%,303,22.18%,93,6.81%,39,2.86%,272.27,140.32,52.54,284.03,25.66,49.76,584.19,0.2
13-Sep-20,EEAST,721,94.53%,54.91%,82,6.25%,3,0.23%,1,0.08%,86.97,12.28,0.9,104.42,17.27,26.34,377.97,0.07
12-Sep-20,EEAST,820,93.83%,59.21%,147,10.61%,25,1.81%,9,0.65%,141.9,43.31,12.24,168.28,19.58,31.17,451.92,0.1
11-Sep-20,EEAST,816,94.82%,61.12%,146,10.94%,18,1.35%,7,0.52%,134.57,34.91,9.1,139.92,19.51,33.24,434.02,0.1
10-Sep-20,EEAST,766,93.00%,57.64%,155,11.66%,44,3.31%,8,0.60%,146.47,55,16.63,169.45,20.02,33.76,443.45,0.11
09-Sep-20,EEAST,791,93.09%,61.13%,163,12.60%,24,1.85%,12,0.93%,148.96,49.79,16.54,207.83,20.37,34.68,439.26,0.12
08-Sep-20,EEAST,842,92.65%,61.24%,215,15.64%,49,3.56%,19,1.38%,196.31,83.38,28.09,266.65,22.22,39.14,509.29,0.14
07-Sep-20,EEAST,816,91.15%,64.40%,257,20.28%,92,7.26%,32,2.53%,226.26,113.95,35.7,139.52,24.35,45.78,514.2,0.18
06-Sep-20,EEAST,772,95.09%,56.93%,100,7.37%,10,0.74%,5,0.37%,102.85,19.27,5.13,133.58,17.97,28.58,406.1,0.08
05-Sep-20,EEAST,773,93.44%,59.65%,134,10.34%,15,1.16%,0,0.00%,120.08,29.52,2.73,84.88,19.17,31.13,414.04,0.09
04-Sep-20,EEAST,793,92.90%,63.09%,173,13.76%,19,1.51%,5,0.40%,135.7,38.81,7.15,113.9,20.04,31.96,419.86,0.11
03-Sep-20,EEAST,824,94.09%,62.33%,207,15.66%,46,3.48%,20,1.51%,188.97,77.09,25.77,232.2,22.06,40.76,486.13,0.14
02-Sep-20,EEAST,810,93.10%,63.23%,183,14.29%,18,1.41%,4,0.31%,144.04,42.03,3.9,110.72,20.47,34.1,437.01,0.11
01-Sep-20,EEAST,880,91.86%,66.12%,270,20.29%,50,3.76%,24,1.80%,223.44,96.91,32.13,322.15,23.83,43.41,528.66,0.17
31-Aug-20,EEAST,682,96.32%,51.05%,57,4.27%,9,0.67%,1,0.07%,80.88,13.71,2.4,95.6,16.75,26.51,372.95,0.06
30-Aug-20,EEAST,741,95.20%,57.53%,100,7.76%,16,1.24%,10,0.78%,109.6,28.68,10.81,140.82,18.51,30.64,397.29,0.09
29-Aug-20,EEAST,750,94.02%,56.10%,109,8.15%,16,1.20%,5,0.37%,111.44,27.01,6.41,131.78,18.29,29.88,407.56,0.08
28-Aug-20,EEAST,789,94.81%,59.15%,131,9.82%,21,1.57%,2,0.15%,122.83,32.67,4.81,101.92,18.87,32.1,419.65,0.09
27-Aug-20,EEAST,688,95.51%,54.82%,98,7.81%,4,0.32%,1,0.08%,89.35,15.13,0.78,94.87,17.59,27.7,367.85,0.07
26-Aug-20,EEAST,759,94.53%,58.61%,135,10.42%,14,1.08%,3,0.23%,121.97,32.55,5.45,171.75,19.13,31.7,412.89,0.09
25-Aug-20,EEAST,647,95.35%,50.94%,97,7.64%,9,0.71%,2,0.16%,90.33,19.3,3.15,157.12,17.38,27.14,367.88,0.07
24-Aug-20,EEAST,802,94.50%,59.10%,137,10.10%,7,0.52%,0,0.00%,116.7,25.35,0.62,69.4,18.56,30.24,419.78,0.09
23-Aug-20,EEAST,635,93.99%,52.09%,79,6.48%,14,1.15%,3,0.25%,89.36,23.19,3.98,104.13,17.52,28.55,355.9,0.07
22-Aug-20,EEAST,725,92.86%,57.49%,114,9.04%,9,0.71%,1,0.08%,102.33,20.45,2.5,91.1,18.24,28.86,383.31,0.08
21-Aug-20,EEAST,803,94.30%,59.17%,125,9.21%,19,1.40%,9,0.66%,128.85,34.14,9.68,138.22,19.22,30.76,434.8,0.09
20-Aug-20,EEAST,845,92.97%,62.64%,162,12.01%,30,2.22%,16,1.19%,156.22,51.08,19.42,166.75,20.44,35.05,459.64,0.12
19-Aug-20,EEAST,734,93.58%,57.89%,112,8.83%,32,2.52%,16,1.26%,127.74,44.04,18.48,183.15,19.4,32.5,409.9,0.1
18-Aug-20,EEAST,855,93.11%,65.92%,203,15.65%,52,4.01%,16,1.23%,190.84,80.54,22.37,158.98,22.5,39.26,486.32,0.15
17-Aug-20,EEAST,858,94.35%,63.46%,191,14.13%,54,3.99%,34,2.51%,212.01,103.31,56.07,290.05,23.06,47.78,519.61,0.16
16-Aug-20,EEAST,882,95.20%,60.91%,176,12.15%,9,0.62%,2,0.14%,140.29,30.94,2.48,106.85,19.31,31.63,466.07,0.1
15-Aug-20,EEAST,874,93.76%,63.20%,173,12.51%,27,1.95%,10,0.72%,153.36,45.78,12.16,169.02,20.31,34.97,468.07,0.11
14-Aug-20,EEAST,888,92.96%,65.25%,220,16.16%,34,2.50%,10,0.73%,177.97,60.3,11.1,134.17,21.6,38.25,489.87,0.13
13-Aug-20,EEAST,875,92.11%,64.10%,237,17.36%,58,4.25%,28,2.05%,204.57,85.68,29.49,133.87,22.63,42.94,514.93,0.15
12-Aug-20,EEAST,872,91.92%,62.87%,166,11.97%,39,2.81%,14,1.01%,166.46,60.82,19.43,227.37,20.78,37.12,480.31,0.12
11-Aug-20,EEAST,824,93.51%,59.54%,160,11.56%,22,1.59%,5,0.36%,140.93,37.84,7.11,108.85,19.43,32.51,448.28,0.1
10-Aug-20,EEAST,857,93.78%,62.51%,268,19.55%,59,4.30%,16,1.17%,210.28,86.79,22.45,157.05,22.69,43.17,518.37,0.15
09-Aug-20,EEAST,783,92.68%,59.50%,149,11.32%,40,3.04%,17,1.29%,151.84,59.02,26.47,264.63,20.34,36.47,446.12,0.12
08-Aug-20,EEAST,842,92.05%,64.92%,142,10.95%,23,1.77%,2,0.15%,132.77,32.53,5.45,97.13,19.78,33.29,427.49,0.1
07-Aug-20,EEAST,737,92.19%,54.80%,123,9.14%,11,0.82%,3,0.22%,106.96,23.09,3.17,105.4,17.99,28.99,403.32,0.08
06-Aug-20,EEAST,742,92.04%,57.83%,114,8.89%,21,1.64%,9,0.70%,119.82,33.23,10,156.48,19.02,31.59,406.62,0.09
05-Aug-20,EEAST,742,93.11%,60.37%,115,9.36%,16,1.30%,8,0.65%,110.54,27.65,8.12,117,18.74,30.46,383.8,0.09
04-Aug-20,EEAST,731,91.83%,60.76%,158,13.13%,36,2.99%,20,1.66%,148.85,58.95,23.52,178.1,20.96,38.11,420.24,0.12
03-Aug-20,EEAST,861,91.71%,64.83%,194,14.61%,47,3.54%,21,1.58%,185.87,73.34,24.13,185.5,22,39.79,486.99,0.14
02-Aug-20,EEAST,790,93.76%,61.82%,115,9.00%,13,1.02%,3,0.23%,113.38,23.32,3.76,113.77,18.96,30.7,403.81,0.09
01-Aug-20,EEAST,816,93.88%,61.82%,142,10.76%,25,1.89%,4,0.30%,131.03,36.48,8.08,115.05,19.53,32.37,429.7,0.1
31-Jul-20,EEAST,881,91.46%,63.79%,254,18.39%,53,3.84%,14,1.01%,201.44,83.31,20.49,179.23,22.33,38.78,514.03,0.15
30-Jul-20,EEAST,759,93.50%,56.10%,137,10.13%,19,1.40%,8,0.59%,124.55,35.47,10.3,147.58,18.85,31.51,425.1,0.09
29-Jul-20,EEAST,814,93.22%,62.28%,196,15.00%,21,1.61%,8,0.61%,150.78,44.48,8.27,121.35,20.57,35.52,448.08,0.12
28-Jul-20,EEAST,686,91.27%,53.80%,103,8.08%,19,1.49%,7,0.55%,104.96,28.79,7.42,134.27,18.24,30.08,387.52,0.08
27-Jul-20,EEAST,702,93.81%,53.22%,131,9.93%,28,2.12%,13,0.99%,123.82,42.93,13.17,155.42,18.83,32.17,414.05,0.09
26-Jul-20,EEAST,591,92.56%,49.00%,61,5.06%,7,0.58%,0,0.00%,71.08,10.93,0.71,75.35,16.58,25.84,333.22,0.06
25-Jul-20,EEAST,650,92.87%,51.42%,71,5.62%,4,0.32%,1,0.08%,78.39,11.17,0.9,100.77,16.96,25.31,357.37,0.06
24-Jul-20,EEAST,689,92.40%,53.45%,103,7.99%,19,1.47%,8,0.62%,112.36,34.16,10.67,165,18.46,31.66,396.69,0.09
23-Jul-20,EEAST,733,92.84%,55.40%,79,5.97%,2,0.15%,0,0.00%,88.21,9.89,0.09,63.38,17.25,26.88,380.34,0.07
22-Jul-20,EEAST,725,92.88%,56.16%,99,7.67%,10,0.77%,5,0.39%,103.34,22.92,5.96,152.57,18.16,29.49,390.7,0.08
21-Jul-20,EEAST,686,93.15%,56.05%,70,5.72%,4,0.33%,0,0.00%,79.82,8.22,0.34,69.2,17.1,26.08,348.91,0.07
20-Jul-20,EEAST,807,92.19%,61.04%,162,12.25%,32,2.42%,19,1.44%,164.42,63.68,28.53,187.97,20.82,38.01,458.83,0.12
19-Jul-20,EEAST,724,93.37%,57.14%,118,9.31%,11,0.87%,1,0.08%,105.19,23.73,3.68,106.95,18.27,30.16,385.8,0.08
18-Jul-20,EEAST,778,92.57%,58.89%,128,9.69%,1,0.08%,0,0.00%,114.95,18.07,0.32,79.05,18.52,28.96,407.69,0.09
17-Jul-20,EEAST,784,91.31%,56.94%,169,12.27%,47,3.41%,28,2.03%,179.27,80.2,39.87,265.18,21.16,40.05,485.6,0.13
16-Jul-20,EEAST,729,93.38%,56.21%,139,10.72%,8,0.62%,6,0.46%,115.38,30.27,7.13,146.68,18.7,30.34,404.26,0.09
15-Jul-20,EEAST,703,91.80%,55.05%,115,9.01%,14,1.10%,3,0.23%,104.3,23.87,3.91,105.8,18.07,29.08,384.61,0.08
14-Jul-20,EEAST,651,93.34%,51.58%,92,7.29%,1,0.08%,0,0.00%,82.7,12.28,0.33,80,17.16,26.36,360.89,0.07
27-Jun-20,EEAST,778,93.93%,59.89%,126,9.70%,3,0.23%,1,0.08%,105.24,16.79,1.14,104.52,18.25,28.66,395.17,0.08
20-Jun-20,EEAST,675,92.43%,57.54%,84,7.16%,6,0.51%,1,0.09%,83.93,12.65,2.07,97.08,17.7,27.54,346.08,0.07
19-Jun-20,EEAST,721,93.35%,59.00%,99,8.10%,7,0.57%,0,0.00%,97.57,16.32,1.25,89.3,18.22,29.15,371.12,0.08
13-Jul-20,EEAST,787,93.46%,59.17%,136,10.23%,20,1.50%,3,0.23%,129.79,35.85,5.84,123.62,19.35,32.84,428.92,0.1
12-Jul-20,EEAST,728,93.17%,56.17%,118,9.10%,9,0.69%,2,0.15%,110.16,26.1,3.29,147.28,18.34,31.26,396.18,0.09
11-Jul-20,EEAST,755,93.86%,57.41%,77,5.86%,3,0.23%,1,0.08%,89.46,9.55,0.73,91.45,17.56,26.43,384.9,0.07
10-Jul-20,EEAST,658,93.00%,53.28%,80,6.48%,7,0.57%,3,0.24%,84.63,13.58,3.08,108.52,17.25,26.68,355.11,0.07
09-Jul-20,EEAST,701,93.07%,55.50%,71,5.62%,3,0.24%,0,0.00%,82.11,8.31,0.09,62.85,17.19,26.41,361.83,0.07
08-Jul-20,EEAST,699,91.76%,56.05%,113,9.06%,6,0.48%,2,0.16%,100.42,21.11,2.12,115.03,18.16,30.29,377.37,0.08
07-Jul-20,EEAST,699,93.94%,56.37%,88,7.10%,2,0.16%,0,0.00%,86.36,11.92,0.27,75.02,17.55,27.29,362.71,0.07
06-Jul-20,EEAST,771,91.02%,59.86%,145,11.26%,3,0.23%,0,0.00%,117.21,24.15,0.88,83.33,18.89,30.67,405.41,0.09
05-Jul-20,EEAST,669,94.46%,50.99%,69,5.26%,3,0.23%,1,0.08%,77.79,9.34,1.29,111.9,16.59,25.02,362.76,0.06
04-Jul-20,EEAST,715,93.15%,55.34%,73,5.65%,3,0.23%,0,0.00%,81.72,9.77,0.62,83.1,17.08,25.88,367.71,0.06
03-Jul-20,EEAST,664,93.81%,56.18%,85,7.19%,6,0.51%,0,0.00%,82.25,11.41,1.03,80.33,17.63,27.19,347.32,0.07
02-Jul-20,EEAST,728,93.03%,58.01%,129,10.28%,10,0.80%,3,0.24%,116.2,29.51,4.62,142.55,18.92,32.02,395.76,0.09
01-Jul-20,EEAST,691,91.62%,56.97%,109,8.99%,13,1.07%,0,0.00%,103.56,21.5,2.56,89,18.51,29.52,374.19,0.09
30-Jun-20,EEAST,768,92.45%,62.09%,102,8.25%,3,0.24%,0,0.00%,97.91,11.72,0.68,84.72,18.03,27.89,371.63,0.08
29-Jun-20,EEAST,758,91.03%,60.25%,143,11.37%,7,0.56%,0,0.00%,114.48,21.25,1.73,89.25,18.87,30.29,395.66,0.09
28-Jun-20,EEAST,740,91.62%,62.08%,93,7.80%,6,0.50%,0,0.00%,99.39,16.78,0.97,78.93,18.47,28.2,366.99,0.08
26-Jun-20,EEAST,902,91.73%,65.60%,180,13.09%,28,2.04%,8,0.58%,159.04,45.77,10.94,163.33,20.67,33.98,473.72,0.12
25-Jun-20,EEAST,805,93.35%,60.98%,107,8.11%,7,0.53%,0,0.00%,109.65,15.61,0.65,70.48,18.3,28.84,402.52,0.08
24-Jun-20,EEAST,778,94.56%,61.31%,115,9.06%,21,1.65%,7,0.55%,122.69,31.96,8.41,120.85,19.21,33.17,406.23,0.1
23-Jun-20,EEAST,764,93.88%,60.73%,145,11.53%,11,0.87%,3,0.24%,119.92,30.05,3.19,99.13,19.26,31.22,403.77,0.1
22-Jun-20,EEAST,776,91.55%,63.40%,125,10.21%,7,0.57%,1,0.08%,114.48,24.26,2.88,133.23,19.19,30.73,391.45,0.09
21-Jun-20,EEAST,713,94.28%,56.95%,82,6.55%,3,0.24%,0,0.00%,86.59,12.17,0.39,72.72,17.45,26.7,364.1,0.07
18-Jun-20,EEAST,674,93.51%,58.51%,78,6.77%,4,0.35%,0,0.00%,86.64,11.94,0.73,80.48,17.93,27.54,344.32,0.08
17-Jun-20,EEAST,786,93.36%,60.79%,98,7.58%,2,0.15%,0,0.00%,100.69,11.63,0.12,65.82,18.17,27.96,391.61,0.08
16-Jun-20,EEAST,754,94.47%,59.60%,79,6.25%,5,0.40%,2,0.16%,94.6,11.77,1.29,92.58,17.91,27.11,377.69,0.07
15-Jun-20,EEAST,822,92.83%,61.67%,162,12.15%,9,0.68%,2,0.15%,132.57,28.66,2.15,107.07,19.48,31.7,432.73,0.1
14-Jun-20,EEAST,735,93.64%,60.15%,96,7.86%,3,0.25%,0,0.00%,93.44,12.51,0.32,69.42,18.01,27.47,366.84,0.08
13-Jun-20,EEAST,828,92.72%,63.11%,115,8.77%,7,0.53%,0,0.00%,114.92,20.8,1.24,82.38,18.87,29.39,412.67,0.09
12-Jun-20,EEAST,731,93.54%,58.02%,91,7.22%,8,0.63%,5,0.40%,101.31,21.41,8.37,200.15,18.25,27.61,383.24,0.08
11-Jun-20,EEAST,720,95.02%,58.06%,67,5.40%,7,0.56%,0,0.00%,85.14,11,1.42,83.25,17.51,26.13,361.95,0.07
10-Jun-20,EEAST,605,93.45%,55.81%,93,8.58%,2,0.18%,0,0.00%,80.95,12.46,0.24,68.03,17.78,27.93,321.21,0.07
09-Jun-20,EEAST,727,94.98%,60.94%,101,8.47%,3,0.25%,0,0.00%,92.55,13.11,0.27,68.23,18.21,27.69,362.08,0.08
08-Jun-20,EEAST,794,92.91%,64.45%,152,12.34%,6,0.49%,0,0.00%,128.13,28.39,1.19,84.98,19.94,33.63,409.39,0.1
07-Jun-20,EEAST,654,91.36%,60.06%,90,8.26%,1,0.09%,0,0.00%,82.61,7.99,0.31,78.48,18.06,26.69,327.8,0.08
06-Jun-20,EEAST,609,91.44%,57.62%,84,7.95%,2,0.19%,0,0.00%,81.07,13.02,0.14,67.68,18.03,27.72,317.61,0.08
05-Jun-20,EEAST,695,92.56%,59.45%,116,9.92%,5,0.43%,0,0.00%,102.65,19.65,0.39,71.25,18.5,29.01,360.41,0.09
04-Jun-20,EEAST,663,90.44%,62.02%,96,8.98%,3,0.28%,0,0.00%,86.57,12.11,0.6,87.67,18.25,28.52,325.09,0.08
03-Jun-20,EEAST,694,92.89%,60.35%,117,10.17%,17,1.48%,4,0.35%,108.33,29.01,6.98,159.67,19.12,29.96,366.56,0.09
02-Jun-20,EEAST,779,92.13%,65.85%,177,14.96%,24,2.03%,3,0.25%,144.76,41.27,7.07,116.17,21.07,35.42,415.41,0.12
01-Jun-20,EEAST,734,93.71%,61.58%,113,9.48%,6,0.50%,2,0.17%,105.92,20.19,2.69,108.35,18.76,29.19,372.67,0.09
